,PL,TEAMPLACE,LASTNAME,FIRSTNAME,YEAR,TEAM,Avg. Mile,TIME,SCORE,MEET,DATE,5k,600m,1k,2k,2.25k,2.5 Miles,4.25k,5.5k,7k,7.25k,Unnamed: 0,GAP,Avg. K,1K,2.4,4.45,8k,PACE,1 Mile,3300,3 Mile,6.5,Finish,3.3k,6.5k,1M,3k,4M,2.4K,4.5K,7K,3K,5.8K
7,8,1,Hinwood, Lachlan,SR-4,Macalester,5:27.0,27:05.5,7,River Falls,2016,,,,,,,,,,,,,,,,,,,,,,,,,,,,,,,,,
11,12,2,Grant, Spencer,SO-2,Macalester,5:34.5,27:42.7,11,River Falls,2016,,,,,,,,,,,,,,,,,,,,,,,,,,,,,,,,,
15,16,3,Harper, Henry,FR-1,Macalester,5:35.3,27:46.9,15,River Falls,2016,,,,,,,,,,,,,,,,,,,,,,,,,,,,,,,,,
18,19,4,Boranian, Chris,SO-2,Macalester,5:37.5,27:57.6,18,River Falls,2016,,,,,,,,,,,,,,,,,,,,,,,,,,,,,,,,,
23,24,5,Lepak, Jake,FR-1,Macalester,5:39.5,28:07.7,22,River Falls,2016,,,,,,,,,,,,,,,,,,,,,,,,,,,,,,,,,
38,39,6,Doherty, James,SO-2,Macalester,5:47.5,28:47.7,36,River Falls,2016,,,,,,,,,,,,,,,,,,,,,,,,,,,,,,,,,
44,45,7,Richmond, Sam,SO-2,Macalester,5:52.5,29:12.4,42,River Falls,2016,,,,,,,,,,,,,,,,,,,,,,,,,,,,,,,,,
45,46,8,Engberg, Ethan,SO-2,Macalester,5:52.9,29:14.2,,River Falls,2016,,,,,,,,,,,,,,,,,,,,,,,,,,,,,,,,,
48,49,9,Bildsten, Ben,FR-1,Macalester,5:53.7,29:18.2,,River Falls,2016,,,,,,,,,,,,,,,,,,,,,,,,,,,,,,,,,
53,54,10,Nelson, Spencer,SR-4,Macalester,6:02.1,30:00.0,,River Falls,2016,,,,,,,,,,,,,,,,,,,,,,,,,,,,,,,,,
54,55,11,Townsend, Ben,FR-1,Macalester,6:03.0,30:04.8,,River Falls,2016,,,,,,,,,,,,,,,,,,,,,,,,,,,,,,,,,
55,56,12,Kirchmeier, Kemal,SR-4,Macalester,6:04.6,30:12.8,,River Falls,2016,,,,,,,,,,,,,,,,,,,,,,,,,,,,,,,,,
56,57,13,O'Donnell-Hoff, Sam,FR-1,Macalester,6:06.1,30:20.0,,River Falls,2016,,,,,,,,,,,,,,,,,,,,,,,,,,,,,,,,,
63,64,14,Gordon, Alex,JR-3,Macalester,6:14.2,31:00.3,,River Falls,2016,,,,,,,,,,,,,,,,,,,,,,,,,,,,,,,,,
71,72,15,Martinez, Mason,SO-2,Macalester,6:23.5,31:46.7,,River Falls,2016,,,,,,,,,,,,,,,,,,,,,,,,,,,,,,,,,
74,75,16,Hernandez, Armando,FR-1,Macalester,6:25.9,31:58.4,,River Falls,2016,,,,,,,,,,,,,,,,,,,,,,,,,,,,,,,,,
82,83,17,Loeffler-Kemp, Seth,SR-4,Macalester,6:40.5,33:11.2,,River Falls,2016,,,,,,,,,,,,,,,,,,,,,,,,,,,,,,,,,
85,86,18,Feeney, Will,JR-3,Macalester,6:43.4,33:25.7,,River Falls,2016,,,,,,,,,,,,,,,,,,,,,,,,,,,,,,,,,
90,91,19,Stokes, Rob,FR-1,Macalester,6:58.0,34:38.0,,River Falls,2016,,,,,,,,,,,,,,,,,,,,,,,,,,,,,,,,,
3,4,1,Grant, Spencer,SO-2,Macalester,5:25,21:44,4,Summit Cup,2016,,,,,,,,,,,,,,,,,,,,,,,,,,,,,,,,,
4,5,2,Hinwood, Lachlan,SR-4,Macalester,5:26,21:48,5,Summit Cup,2016,,,,,,,,,,,,,,,,,,,,,,,,,,,,,,,,,
6,7,3,Boranian, Chris,SO-2,Macalester,5:30,22:03,7,Summit Cup,2016,,,,,,,,,,,,,,,,,,,,,,,,,,,,,,,,,
17,18,4,Doherty, James,SO-2,Macalester,5:38,22:34,11,Summit Cup,2016,,,,,,,,,,,,,,,,,,,,,,,,,,,,,,,,,
18,19,5,Harper, Henry,FR-1,Macalester,5:38,22:35,12,Summit Cup,2016,,,,,,,,,,,,,,,,,,,,,,,,,,,,,,,,,
19,20,6,Lepak, Jake,FR-1,Macalester,5:39,22:37,13,Summit Cup,2016,,,,,,,,,,,,,,,,,,,,,,,,,,,,,,,,,
21,22,7,Mac, Mac,FR,Macalester,5:46,23:08,14,Summit Cup,2016,,,,,,,,,,,,,,,,,,,,,,,,,,,,,,,,,
23,24,8,Engberg, Ethan,SO-2,Macalester,5:47,23:09,,Summit Cup,2016,,,,,,,,,,,,,,,,,,,,,,,,,,,,,,,,,
26,27,9,Richmond, Sam,SO-2,Macalester,5:53,23:34,,Summit Cup,2016,,,,,,,,,,,,,,,,,,,,,,,,,,,,,,,,,
27,28,10,Nelson, Spencer,SR-4,Macalester,5:53,23:35,,Summit Cup,2016,,,,,,,,,,,,,,,,,,,,,,,,,,,,,,,,,
28,29,11,Jarka-Sellers, Peter,FR-1,Macalester,5:54,23:39,,Summit Cup,2016,,,,,,,,,,,,,,,,,,,,,,,,,,,,,,,,,
29,30,12,Kirchmeier, Kemal,SR-4,Macalester,5:58,23:54,,Summit Cup,2016,,,,,,,,,,,,,,,,,,,,,,,,,,,,,,,,,
31,32,13,Bildsten, Ben,FR-1,Macalester,6:01,24:06,,Summit Cup,2016,,,,,,,,,,,,,,,,,,,,,,,,,,,,,,,,,
32,33,14,Townsend, Ben,FR-1,Macalester,6:05,24:21,,Summit Cup,2016,,,,,,,,,,,,,,,,,,,,,,,,,,,,,,,,,
34,35,15,O'Donnell-Hoff, Sam,FR-1,Macalester,6:12,24:52,,Summit Cup,2016,,,,,,,,,,,,,,,,,,,,,,,,,,,,,,,,,
35,36,16,Heen, Kai,JR-3,Macalester,6:19,25:19,,Summit Cup,2016,,,,,,,,,,,,,,,,,,,,,,,,,,,,,,,,,
37,38,17,Gordon, Alex,JR-3,Macalester,6:28,25:55,,Summit Cup,2016,,,,,,,,,,,,,,,,,,,,,,,,,,,,,,,,,
38,39,18,Hernandez, Armando,FR-1,Macalester,6:28,25:56,,Summit Cup,2016,,,,,,,,,,,,,,,,,,,,,,,,,,,,,,,,,
40,41,19,Zaidi, Tayeb,SR-4,Macalester,6:30,26:04,,Summit Cup,2016,,,,,,,,,,,,,,,,,,,,,,,,,,,,,,,,,
41,42,20,Feeney, Will,JR-3,Macalester,6:32,26:09,,Summit Cup,2016,,,,,,,,,,,,,,,,,,,,,,,,,,,,,,,,,
42,43,21,Martinez, Mason,SO-2,Macalester,6:39,26:38,,Summit Cup,2016,,,,,,,,,,,,,,,,,,,,,,,,,,,,,,,,,
43,44,22,Loeffler-Kemp, Seth,SR-4,Macalester,6:42,26:52,,Summit Cup,2016,,,,,,,,,,,,,,,,,,,,,,,,,,,,,,,,,
44,45,23,Stokes, Rob,FR-1,Macalester,7:34,30:20,,Summit Cup,2016,,,,,,,,,,,,,,,,,,,,,,,,,,,,,,,,,
5,6,1,Hinwood, Lachlan,SR-4,Macalester,5:38.3,28:01.9,6,Griak,2016,,,,,,,,,,,,,,,,,,,,,,,,,,,,,,,,,
25,26,2,Boranian, Chris,SO-2,Macalester,5:53.5,29:17.2,25,Griak,2016,,,,,,,,,,,,,,,,,,,,,,,,,,,,,,,,,
28,29,3,Doherty, James,SO-2,Macalester,5:55.3,29:26.2,28,Griak,2016,,,,,,,,,,,,,,,,,,,,,,,,,,,,,,,,,
34,35,4,Lepak, Jake,FR-1,Macalester,5:57.3,29:36.3,32,Griak,2016,,,,,,,,,,,,,,,,,,,,,,,,,,,,,,,,,
37,38,5,Harper, Henry,FR-1,Macalester,6:00.5,29:52.2,35,Griak,2016,,,,,,,,,,,,,,,,,,,,,,,,,,,,,,,,,
39,40,6,Grant, Spencer,SO-2,Macalester,6:01.0,29:54.9,37,Griak,2016,,,,,,,,,,,,,,,,,,,,,,,,,,,,,,,,,
48,49,7,Nelson, Spencer,SR-4,Macalester,6:05.0,30:14.7,43,Griak,2016,,,,,,,,,,,,,,,,,,,,,,,,,,,,,,,,,
52,53,8,Richmond, Sam,SO-2,Macalester,6:07.1,30:25.2,,Griak,2016,,,,,,,,,,,,,,,,,,,,,,,,,,,,,,,,,
54,55,9,Bildsten, Ben,FR-1,Macalester,6:10.9,30:43.7,,Griak,2016,,,,,,,,,,,,,,,,,,,,,,,,,,,,,,,,,
55,56,10,Jarka-Sellers, Peter,FR-1,Macalester,6:11.8,30:48.6,,Griak,2016,,,,,,,,,,,,,,,,,,,,,,,,,,,,,,,,,
58,59,11,Townsend, Ben,FR-1,Macalester,6:13.0,30:54.2,,Griak,2016,,,,,,,,,,,,,,,,,,,,,,,,,,,,,,,,,
66,67,12,O'Donnell-Hoff, Sam,FR-1,Macalester,6:22.1,31:39.6,,Griak,2016,,,,,,,,,,,,,,,,,,,,,,,,,,,,,,,,,
67,68,13,Kirchmeier, Kemal,SR-4,Macalester,6:24.0,31:49.1,,Griak,2016,,,,,,,,,,,,,,,,,,,,,,,,,,,,,,,,,
70,71,14,Gordon, Alex,JR-3,Macalester,6:30.7,32:22.5,,Griak,2016,,,,,,,,,,,,,,,,,,,,,,,,,,,,,,,,,
75,76,15,Martinez, Mason,SO-2,Macalester,6:43.0,33:23.4,,Griak,2016,,,,,,,,,,,,,,,,,,,,,,,,,,,,,,,,,
80,81,16,Loeffler-Kemp, Seth,SR-4,Macalester,7:01.6,34:56.0,,Griak,2016,,,,,,,,,,,,,,,,,,,,,,,,,,,,,,,,,
81,82,17,Feeney, Will,JR-3,Macalester,7:05.5,35:15.5,,Griak,2016,,,,,,,,,,,,,,,,,,,,,,,,,,,,,,,,,
31,32,1,Hinwood, Lachlan,SR-4,Macalester,5:19.1,26:26.4,28,Blugold Invitational,2016,16:23.6,,,,,,,,,,,,,,,,,,,,,,,,,,,,,,,,
54,55,2,Grant, Spencer,SO-2,Macalester,5:24.5,26:53.1,42,Blugold Invitational,2016,16:39.0,,,,,,,,,,,,,,,,,,,,,,,,,,,,,,,,
93,94,3,Harper, Henry,FR-1,Macalester,5:32.5,27:32.9,62,Blugold Invitational,2016,17:03.6,,,,,,,,,,,,,,,,,,,,,,,,,,,,,,,,
101,102,4,Boranian, Chris,SO-2,Macalester,5:34.1,27:41.0,66,Blugold Invitational,2016,17:25.7,,,,,,,,,,,,,,,,,,,,,,,,,,,,,,,,
103,104,5,Doherty, James,SO-2,Macalester,5:34.4,27:42.4,67,Blugold Invitational,2016,17:25.5,,,,,,,,,,,,,,,,,,,,,,,,,,,,,,,,
139,140,6,Nelson, Spencer,SR-4,Macalester,5:39.8,28:09.4,79,Blugold Invitational,2016,17:35.9,,,,,,,,,,,,,,,,,,,,,,,,,,,,,,,,
149,150,7,Lepak, Jake,FR-1,Macalester,5:41.4,28:17.0,81,Blugold Invitational,2016,17:22.5,,,,,,,,,,,,,,,,,,,,,,,,,,,,,,,,
186,187,8,Bildsten, Ben,FR-1,Macalester,5:49.7,28:58.5,,Blugold Invitational,2016,18:05.7,,,,,,,,,,,,,,,,,,,,,,,,,,,,,,,,
199,200,9,Kirchmeier, Kemal,SR-4,Macalester,5:53.1,29:15.3,,Blugold Invitational,2016,18:06.2,,,,,,,,,,,,,,,,,,,,,,,,,,,,,,,,
203,204,10,O'Donnell-Hoff, Sam,FR-1,Macalester,5:54.5,29:22.5,,Blugold Invitational,2016,18:32.2,,,,,,,,,,,,,,,,,,,,,,,,,,,,,,,,
205,206,11,Gordon, Alex,JR-3,Macalester,5:54.9,29:24.5,,Blugold Invitational,2016,18:15.1,,,,,,,,,,,,,,,,,,,,,,,,,,,,,,,,
215,216,12,Jarka-Sellers, Peter,FR-1,Macalester,5:58.5,29:42.3,,Blugold Invitational,2016,18:27.1,,,,,,,,,,,,,,,,,,,,,,,,,,,,,,,,
225,226,13,Engberg, Ethan,SO-2,Macalester,6:02.1,30:00.0,,Blugold Invitational,2016,18:33.8,,,,,,,,,,,,,,,,,,,,,,,,,,,,,,,,
228,229,14,Richmond, Sam,SO-2,Macalester,6:04.2,30:10.6,,Blugold Invitational,2016,18:15.2,,,,,,,,,,,,,,,,,,,,,,,,,,,,,,,,
237,238,15,Zaidi, Tayeb,SR-4,Macalester,6:07.5,30:27.0,,Blugold Invitational,2016,18:35.0,,,,,,,,,,,,,,,,,,,,,,,,,,,,,,,,
250,251,16,Heen, Kai,JR-3,Macalester,6:15.7,31:07.6,,Blugold Invitational,2016,19:31.2,,,,,,,,,,,,,,,,,,,,,,,,,,,,,,,,
253,254,17,Martinez, Mason,SO-2,Macalester,6:17.5,31:16.9,,Blugold Invitational,2016,19:41.2,,,,,,,,,,,,,,,,,,,,,,,,,,,,,,,,
257,258,18,Hernandez, Armando,FR-1,Macalester,6:23.0,31:44.2,,Blugold Invitational,2016,19:30.9,,,,,,,,,,,,,,,,,,,,,,,,,,,,,,,,
261,262,19,Feeney, Will,JR-3,Macalester,6:24.8,31:53.3,,Blugold Invitational,2016,19:57.1,,,,,,,,,,,,,,,,,,,,,,,,,,,,,,,,
270,271,20,Loeffler-Kemp, Seth,SR-4,Macalester,6:39.1,33:04.0,,Blugold Invitational,2016,20:22.0,,,,,,,,,,,,,,,,,,,,,,,,,,,,,,,,
273,274,21,Stokes, Rob,FR-1,Macalester,6:54.4,34:20.2,,Blugold Invitational,2016,21:49.2,,,,,,,,,,,,,,,,,,,,,,,,,,,,,,,,
39,40,1,Hinwood, Lachlan,SR-4,Macalester,5:25.3,26:57.1,37,Jim Drews Invitational (Lacrosse),2016,,,,,,,,,,,,,,,,,,,,,,,,,,,,,,,,,
102,103,2,Boranian, Chris,SO-2,Macalester,5:35.6,27:48.2,84,Jim Drews Invitational (Lacrosse),2016,,,,,,,,,,,,,,,,,,,,,,,,,,,,,,,,,
140,141,3,Doherty, James,SO-2,Macalester,5:41.2,28:16.2,99,Jim Drews Invitational (Lacrosse),2016,,,,,,,,,,,,,,,,,,,,,,,,,,,,,,,,,
146,147,4,Harper, Henry,FR-1,Macalester,5:42.1,28:20.5,103,Jim Drews Invitational (Lacrosse),2016,,,,,,,,,,,,,,,,,,,,,,,,,,,,,,,,,
187,188,5,Lepak, Jake,FR-1,Macalester,5:48.4,28:51.8,112,Jim Drews Invitational (Lacrosse),2016,,,,,,,,,,,,,,,,,,,,,,,,,,,,,,,,,
198,199,6,Bildsten, Ben,FR-1,Macalester,5:49.8,28:59.2,116,Jim Drews Invitational (Lacrosse),2016,,,,,,,,,,,,,,,,,,,,,,,,,,,,,,,,,
214,215,7,Richmond, Sam,SO-2,Macalester,5:52.2,29:11.1,122,Jim Drews Invitational (Lacrosse),2016,,,,,,,,,,,,,,,,,,,,,,,,,,,,,,,,,
252,253,8,Engberg, Ethan,SO-2,Macalester,6:00.0,29:49.5,,Jim Drews Invitational (Lacrosse),2016,,,,,,,,,,,,,,,,,,,,,,,,,,,,,,,,,
262,263,9,Kirchmeier, Kemal,SR-4,Macalester,6:01.7,29:58.1,,Jim Drews Invitational (Lacrosse),2016,,,,,,,,,,,,,,,,,,,,,,,,,,,,,,,,,
270,271,10,Zaidi, Tayeb,SR-4,Macalester,6:03.2,30:05.8,,Jim Drews Invitational (Lacrosse),2016,,,,,,,,,,,,,,,,,,,,,,,,,,,,,,,,,
279,280,11,Jarka-Sellers, Peter,FR-1,Macalester,6:05.4,30:16.7,,Jim Drews Invitational (Lacrosse),2016,,,,,,,,,,,,,,,,,,,,,,,,,,,,,,,,,
290,291,12,O'Donnell-Hoff, Sam,FR-1,Macalester,6:08.6,30:32.5,,Jim Drews Invitational (Lacrosse),2016,,,,,,,,,,,,,,,,,,,,,,,,,,,,,,,,,
298,299,13,Gordon, Alex,JR-3,Macalester,6:10.8,30:43.5,,Jim Drews Invitational (Lacrosse),2016,,,,,,,,,,,,,,,,,,,,,,,,,,,,,,,,,
312,313,14,Heen, Kai,JR-3,Macalester,6:16.5,31:11.7,,Jim Drews Invitational (Lacrosse),2016,,,,,,,,,,,,,,,,,,,,,,,,,,,,,,,,,
347,348,15,Loeffler-Kemp, Seth,SR,Macalester,6:39.2,33:04.8,,Jim Drews Invitational (Lacrosse),2016,,,,,,,,,,,,,,,,,,,,,,,,,,,,,,,,,
355,356,16,Feeney, Will,JR-3,Macalester,6:52.3,34:09.9,,Jim Drews Invitational (Lacrosse),2016,,,,,,,,,,,,,,,,,,,,,,,,,,,,,,,,,
362,363,17,Hernandez, Armando,FR-1,Macalester,7:08.4,35:29.8,,Jim Drews Invitational (Lacrosse),2016,,,,,,,,,,,,,,,,,,,,,,,,,,,,,,,,,
26,27,1,Hinwood, Lachlan,SR-4,Macalester,5:26.4,27:02.6,27,MIAC,2016,,,,,,,,,,,,,,,,,,,,,,,,,,,,,,,,,
43,44,2,Boranian, Chris,SO-2,Macalester,5:32.4,27:32.4,43,MIAC,2016,,,,,,,,,,,,,,,,,,,,,,,,,,,,,,,,,
46,47,3,Doherty, James,SO-2,Macalester,5:33.6,27:38.4,46,MIAC,2016,,,,,,,,,,,,,,,,,,,,,,,,,,,,,,,,,
60,61,4,Harper, Henry,FR-1,Macalester,5:36.5,27:53.0,52,MIAC,2016,,,,,,,,,,,,,,,,,,,,,,,,,,,,,,,,,
87,88,5,Lepak, Jake,FR-1,Macalester,5:41.8,28:19.4,60,MIAC,2016,,,,,,,,,,,,,,,,,,,,,,,,,,,,,,,,,
106,107,6,Nelson, Spencer,SR-4,Macalester,5:47.0,28:45.3,63,MIAC,2016,,,,,,,,,,,,,,,,,,,,,,,,,,,,,,,,,
112,113,7,Engberg, Ethan,SO-2,Macalester,5:48.5,28:52.4,64,MIAC,2016,,,,,,,,,,,,,,,,,,,,,,,,,,,,,,,,,
126,127,8,Jarka-Sellers, Peter,FR-1,Macalester,5:52.5,29:12.4,,MIAC,2016,,,,,,,,,,,,,,,,,,,,,,,,,,,,,,,,,
130,131,9,Grant, Spencer,SO-2,Macalester,5:53.3,29:16.4,,MIAC,2016,,,,,,,,,,,,,,,,,,,,,,,,,,,,,,,,,
137,138,10,Zaidi, Tayeb,SR-4,Macalester,5:56.4,29:31.8,,MIAC,2016,,,,,,,,,,,,,,,,,,,,,,,,,,,,,,,,,
139,140,11,Richmond, Sam,SO-2,Macalester,5:56.8,29:33.7,,MIAC,2016,,,,,,,,,,,,,,,,,,,,,,,,,,,,,,,,,
157,158,12,Kirchmeier, Kemal,SR-4,Macalester,6:01.1,29:55.0,,MIAC,2016,,,,,,,,,,,,,,,,,,,,,,,,,,,,,,,,,
165,166,13,O'Donnell-Hoff, Sam,FR-1,Macalester,6:04.5,30:11.9,,MIAC,2016,,,,,,,,,,,,,,,,,,,,,,,,,,,,,,,,,
169,170,14,Gordon, Alex,JR-3,Macalester,6:05.7,30:18.1,,MIAC,2016,,,,,,,,,,,,,,,,,,,,,,,,,,,,,,,,,
172,173,15,Bildsten, Ben,FR-1,Macalester,6:09.1,30:35.0,,MIAC,2016,,,,,,,,,,,,,,,,,,,,,,,,,,,,,,,,,
181,182,16,Heen, Kai,JR-3,Macalester,6:12.5,30:51.9,,MIAC,2016,,,,,,,,,,,,,,,,,,,,,,,,,,,,,,,,,
193,194,17,Feeney, Will,JR-3,Macalester,6:27.4,32:06.1,,MIAC,2016,,,,,,,,,,,,,,,,,,,,,,,,,,,,,,,,,
196,197,18,Loeffler-Kemp, Seth,SR-4,Macalester,6:29.3,32:15.6,,MIAC,2016,,,,,,,,,,,,,,,,,,,,,,,,,,,,,,,,,
201,202,19,Martinez, Mason,SO-2,Macalester,6:33.3,32:35.1,,MIAC,2016,,,,,,,,,,,,,,,,,,,,,,,,,,,,,,,,,
48,49,1,Hinwood, Lachlan,SR-4,Macalester,5:20.3,26:32.5,49,Central Region,2016,,2:03.0,3:23.0 (1:20.0),6:41.6 (3:18.7),8:00.4 (1:18.8),13:27.9 (5:27.6),14:47.5 (1:19.6),18:41.8 (3:54.3),23:14.4 (4:32.7),24:32.8 (1:18.5),,,,,,,,,,,,,,,,,,,,,,,
88,89,2,Doherty, James,SO-2,Macalester,5:27.8,27:09.8,89,Central Region,2016,,2:04.0,3:25.7 (1:21.8),6:46.1 (3:20.4),8:07.7 (1:21.7),13:46.7 (5:39.1),15:10.4 (1:23.8),19:11.6 (4:01.2),23:53.0 (4:41.5),25:11.3 (1:18.3),,,,,,,,,,,,,,,,,,,,,,,
108,109,3,Boranian, Chris,SO-2,Macalester,5:30.8,27:24.5,109,Central Region,2016,,2:03.4,3:25.5 (1:22.1),6:46.2 (3:20.8),8:07.7 (1:21.6),13:46.3 (5:38.7),15:10.6 (1:24.4),19:16.4 (4:05.8),24:03.3 (4:47.0),25:24.0 (1:20.8),,,,,,,,,,,,,,,,,,,,,,,
113,114,4,Harper, Henry,FR-1,Macalester,5:32.4,27:32.5,114,Central Region,2016,,2:04.3,3:25.7 (1:21.4),6:46.4 (3:20.7),8:07.8 (1:21.5),13:47.1 (5:39.3),15:10.7 (1:23.7),19:16.9 (4:06.2),24:06.8 (4:50.0),25:29.2 (1:22.4),,,,,,,,,,,,,,,,,,,,,,,
129,130,5,Lepak, Jake,FR-1,Macalester,5:37.8,27:59.1,130,Central Region,2016,,2:03.2,3:24.9 (1:21.7),6:43.1 (3:18.3),8:02.7 (1:19.7),13:45.9 (5:43.2),15:12.1 (1:26.3),19:29.9 (4:17.9),24:28.6 (4:58.7),25:53.7 (1:25.2),,,,,,,,,,,,,,,,,,,,,,,
159,160,6,Grant, Spencer,SO-2,Macalester,5:51.4,29:07.1,160,Central Region,2016,,2:03.7,3:25.3 (1:21.6),6:44.6 (3:19.4),8:06.5 (1:21.9),14:05.5 (5:59.1),15:35.8 (1:30.4),20:10.6 (4:34.8),25:32.8 (5:22.3),27:00.0 (1:27.2),,,,,,,,,,,,,,,,,,,,,,,
160,161,7,Nelson, Spencer,SR-4,Macalester,5:51.7,29:08.4,161,Central Region,2016,,2:04.5,3:26.1 (1:21.7),6:48.0 (3:21.9),8:12.4 (1:24.5),14:16.7 (6:04.3),15:48.5 (1:31.8),20:17.6 (4:29.2),25:28.8 (5:11.3),26:57.2 (1:28.4),,,,,,,,,,,,,,,,,,,,,,,
0,10,1,Hinwood,Lachlan,SR,Macalester College,5:21.5,16:40.1,10,Augsburg Open,2016,,,,,,,,,,,9.0,0:44.1,3:20.0,,,,,,,,,,,,,,,,,,,,
1,13,2,Grant,Spencer,SO,Macalester College,5:25.0,16:50.9,13,Augsburg Open,2016,,,,,,,,,,,12.0,0:54.9,3:22.2,,,,,,,,,,,,,,,,,,,,
2,16,3,Boranian,Chris,SO,Macalester College,5:26.8,16:56.4,16,Augsburg Open,2016,,,,,,,,,,,15.0,1:00.4,3:23.3,,,,,,,,,,,,,,,,,,,,
3,17,4,Lepak,Jake,FR,Macalester College,5:28.4,17:01.3,17,Augsburg Open,2016,,,,,,,,,,,16.0,1:05.3,3:24.2,,,,,,,,,,,,,,,,,,,,
4,18,5,Doherty,Mac,SO,Macalester College,5:28.6,17:02.1,18,Augsburg Open,2016,,,,,,,,,,,17.0,1:06.1,3:24.4,,,,,,,,,,,,,,,,,,,,
5,27,6,Harper,Henry,FR,Macalester College,5:32.4,17:13.7,26,Augsburg Open,2016,,,,,,,,,,,26.0,1:17.7,3:26.7,,,,,,,,,,,,,,,,,,,,
6,38,7,Richmond,Sam,SO,Macalester College,5:38.3,17:32.1,32,Augsburg Open,2016,,,,,,,,,,,37.0,1:36.1,3:30.4,,,,,,,,,,,,,,,,,,,,
7,46,8,Jarka-Sellers,Peter,FR,Macalester College,5:42.9,17:46.4,--,Augsburg Open,2016,,,,,,,,,,,45.0,1:50.4,3:33.3,,,,,,,,,,,,,,,,,,,,
8,47,9,Engberg,Ethan,SO,Macalester College,5:43.7,17:49.0,--,Augsburg Open,2016,,,,,,,,,,,46.0,1:53.0,3:33.8,,,,,,,,,,,,,,,,,,,,
9,49,10,Bildsten,Ben,FR,Macalester College,5:45.5,17:54.5,--,Augsburg Open,2016,,,,,,,,,,,48.0,1:58.5,3:34.9,,,,,,,,,,,,,,,,,,,,
10,56,11,Kirchmeier,Kemal,SR,Macalester College,5:51.7,18:13.7,--,Augsburg Open,2016,,,,,,,,,,,55.0,2:17.7,3:38.7,,,,,,,,,,,,,,,,,,,,
11,59,12,Nelson,Spencer,SR,Macalester College,5:58.5,18:35.1,--,Augsburg Open,2016,,,,,,,,,,,58.0,2:39.1,3:43.0,,,,,,,,,,,,,,,,,,,,
12,61,13,O'Donnell-Hoff,Sam,FR,Macalester College,6:01.7,18:44.9,--,Augsburg Open,2016,,,,,,,,,,,60.0,2:48.9,3:45.0,,,,,,,,,,,,,,,,,,,,
13,65,14,Heen,Kai,JR,Macalester College,6:09.3,19:08.4,--,Augsburg Open,2016,,,,,,,,,,,64.0,3:12.4,3:49.7,,,,,,,,,,,,,,,,,,,,
14,66,15,Martinez,Mason,SO,Macalester College,6:10.1,19:10.9,--,Augsburg Open,2016,,,,,,,,,,,65.0,3:14.9,3:50.2,,,,,,,,,,,,,,,,,,,,
15,67,16,Hernandez,Armando,FR,Macalester College,6:13.2,19:20.7,--,Augsburg Open,2016,,,,,,,,,,,66.0,3:24.7,3:52.1,,,,,,,,,,,,,,,,,,,,
16,69,17,Gordon,Alex,JR,Macalester College,6:14.7,19:25.4,--,Augsburg Open,2016,,,,,,,,,,,68.0,3:29.4,3:53.1,,,,,,,,,,,,,,,,,,,,
17,72,18,Feeney,Will,JR,Macalester College,6:21.6,19:47.0,--,Augsburg Open,2016,,,,,,,,,,,71.0,3:51.0,3:57.4,,,,,,,,,,,,,,,,,,,,
18,73,19,Loeffler-Kemp,Seth,SR,Macalester College,6:24.8,19:56.8,--,Augsburg Open,2016,,,,,,,,,,,72.0,4:00.8,3:59.4,,,,,,,,,,,,,,,,,,,,
19,77,20,Stokes,Rob,FR,Macalester College,6:41.9,20:50.0,--,Augsburg Open,2016,,,,,,,,,,,76.0,4:54.0,4:10.0,,,,,,,,,,,,,,,,,,,,
19,20,1,Johnson, Adrian,FR-1,Macalester,5:30.0,17:05.2,11,Augsburg Open,2017,,,,,,,,,,,,,,,,,,,,,,,,,,,,,,,,,
28,29,2,Jarka-Sellers, Peter,SO-2,Macalester,5:40.2,17:37.1,20,Augsburg Open,2017,,,,,,,,,,,,,,,,,,,,,,,,,,,,,,,,,
30,31,3,Reyes Herrera, Edwin,SO-2,Macalester,5:43.4,17:47.0,22,Augsburg Open,2017,,,,,,,,,,,,,,,,,,,,,,,,,,,,,,,,,
35,36,4,Baumeister, Mark,FR-1,Macalester,5:55.9,18:25.7,27,Augsburg Open,2017,,,,,,,,,,,,,,,,,,,,,,,,,,,,,,,,,
37,38,5,Milner, Michael,SO-2,Macalester,5:58.1,18:32.8,29,Augsburg Open,2017,,,,,,,,,,,,,,,,,,,,,,,,,,,,,,,,,
40,41,6,Bildsten, Ben,SO-2,Macalester,6:00.9,18:41.5,30,Augsburg Open,2017,,,,,,,,,,,,,,,,,,,,,,,,,,,,,,,,,
42,43,7,Richmond, Sam,JR-3,Macalester,6:01.7,18:43.8,31,Augsburg Open,2017,,,,,,,,,,,,,,,,,,,,,,,,,,,,,,,,,
44,45,8,Feeney, Will,SR-4,Macalester,6:02.9,18:47.5,,Augsburg Open,2017,,,,,,,,,,,,,,,,,,,,,,,,,,,,,,,,,
47,48,9,O'Donnell-Hoff, Sam,SO-2,Macalester,6:09.1,19:06.9,,Augsburg Open,2017,,,,,,,,,,,,,,,,,,,,,,,,,,,,,,,,,
50,51,10,Martinez, Mason,JR-3,Macalester,6:38.5,20:38.2,,Augsburg Open,2017,,,,,,,,,,,,,,,,,,,,,,,,,,,,,,,,,
51,52,11,Levey, Elijah,FR-1,Macalester,6:45.5,21:00.0,,Augsburg Open,2017,,,,,,,,,,,,,,,,,,,,,,,,,,,,,,,,,
53,54,12,Stokes, Rob,SO-2,Macalester,7:21.8,22:52.7,,Augsburg Open,2017,,,,,,,,,,,,,,,,,,,,,,,,,,,,,,,,,
12,13,1,Lepak, Jake,SO-2,Macalester,5:29.5,27:18.0,13,Falcon Invite,2017,,,,,,,,,,,,,,,,,,,,,,,,,,,,,,,,,
20,21,2,Doherty, James,JR-3,Macalester,5:35.7,27:48.9,20,Falcon Invite,2017,,,,,,,,,,,,,,,,,,,,,,,,,,,,,,,,,
22,23,3,Boranian, Chris,JR-3,Macalester,5:37.0,27:55.1,22,Falcon Invite,2017,,,,,,,,,,,,,,,,,,,,,,,,,,,,,,,,,
25,26,4,Jarka-Sellers, Peter,SO-2,Macalester,5:38.1,28:00.7,24,Falcon Invite,2017,,,,,,,,,,,,,,,,,,,,,,,,,,,,,,,,,
34,35,5,Reyes Herrera, Edwin,SO-2,Macalester,5:50.4,29:01.9,30,Falcon Invite,2017,,,,,,,,,,,,,,,,,,,,,,,,,,,,,,,,,
39,40,6,O'Donnell-Hoff, Sam,SO-2,Macalester,5:57.8,29:38.6,33,Falcon Invite,2017,,,,,,,,,,,,,,,,,,,,,,,,,,,,,,,,,
45,46,7,Gordon, Alex,SR-4,Macalester,6:03.8,30:08.8,36,Falcon Invite,2017,,,,,,,,,,,,,,,,,,,,,,,,,,,,,,,,,
46,47,8,Baumeister, Mark,FR-1,Macalester,6:05.0,30:14.7,,Falcon Invite,2017,,,,,,,,,,,,,,,,,,,,,,,,,,,,,,,,,
48,49,9,Feeney, Will,SR-4,Macalester,6:05.2,30:15.5,,Falcon Invite,2017,,,,,,,,,,,,,,,,,,,,,,,,,,,,,,,,,
50,51,10,Milner, Michael,SO-2,Macalester,6:08.4,30:31.6,,Falcon Invite,2017,,,,,,,,,,,,,,,,,,,,,,,,,,,,,,,,,
52,53,11,Richmond, Sam,JR-3,Macalester,6:10.3,30:40.8,,Falcon Invite,2017,,,,,,,,,,,,,,,,,,,,,,,,,,,,,,,,,
53,54,12,Bildsten, Ben,SO-2,Macalester,6:11.2,30:45.6,,Falcon Invite,2017,,,,,,,,,,,,,,,,,,,,,,,,,,,,,,,,,
56,57,13,Levey, Elijah,FR-1,Macalester,6:26.2,31:59.9,,Falcon Invite,2017,,,,,,,,,,,,,,,,,,,,,,,,,,,,,,,,,
68,69,14,Stokes, Rob,SO-2,Macalester,7:18.9,36:21.9,,Falcon Invite,2017,,,,,,,,,,,,,,,,,,,,,,,,,,,,,,,,,
33,34,1,Doherty, James,JR-3,Macalester,5:30.6,27:23.5,34,St. Olaf Invitational,2017,,,,,,,,,,,,,,,,,,,,,,,,,,,,,,,,,
39,40,2,Boranian, Chris,JR-3,Macalester,5:32.7,27:34.2,40,St. Olaf Invitational,2017,,,,,,,,,,,,,,,,,,,,,,,,,,,,,,,,,
46,47,3,Lepak, Jake,SO-2,Macalester,5:34.1,27:41.2,45,St. Olaf Invitational,2017,,,,,,,,,,,,,,,,,,,,,,,,,,,,,,,,,
72,73,4,Grant, Spencer,JR-3,Macalester,5:40.3,28:11.8,66,St. Olaf Invitational,2017,,,,,,,,,,,,,,,,,,,,,,,,,,,,,,,,,
82,83,5,Jarka-Sellers, Peter,SO-2,Macalester,5:42.5,28:22.7,72,St. Olaf Invitational,2017,,,,,,,,,,,,,,,,,,,,,,,,,,,,,,,,,
103,104,6,Johnson, Adrian,FR-1,Macalester,5:48.3,28:51.5,84,St. Olaf Invitational,2017,,,,,,,,,,,,,,,,,,,,,,,,,,,,,,,,,
175,176,7,Ebner, Nolan,SR-4,Macalester,6:05.1,30:15.3,106,St. Olaf Invitational,2017,,,,,,,,,,,,,,,,,,,,,,,,,,,,,,,,,
181,182,8,Baumeister, Mark,FR-1,Macalester,6:06.6,30:22.8,,St. Olaf Invitational,2017,,,,,,,,,,,,,,,,,,,,,,,,,,,,,,,,,
182,183,9,O'Donnell-Hoff, Sam,SO-2,Macalester,6:06.9,30:23.8,,St. Olaf Invitational,2017,,,,,,,,,,,,,,,,,,,,,,,,,,,,,,,,,
189,190,10,Gordon, Alex,SR-4,Macalester,6:09.1,30:35.2,,St. Olaf Invitational,2017,,,,,,,,,,,,,,,,,,,,,,,,,,,,,,,,,
191,192,11,Milner, Michael,SO-2,Macalester,6:10.0,30:39.4,,St. Olaf Invitational,2017,,,,,,,,,,,,,,,,,,,,,,,,,,,,,,,,,
201,202,12,Reyes Herrera, Edwin,SO-2,Macalester,6:12.1,30:49.9,,St. Olaf Invitational,2017,,,,,,,,,,,,,,,,,,,,,,,,,,,,,,,,,
212,213,13,Townsend, Ben,SO-2,Macalester,6:19.0,31:24.2,,St. Olaf Invitational,2017,,,,,,,,,,,,,,,,,,,,,,,,,,,,,,,,,
228,229,14,Feeney, Will,SR-4,Macalester,6:28.9,32:13.2,,St. Olaf Invitational,2017,,,,,,,,,,,,,,,,,,,,,,,,,,,,,,,,,
241,242,15,Martinez, Mason,JR-3,Macalester,6:39.0,33:03.8,,St. Olaf Invitational,2017,,,,,,,,,,,,,,,,,,,,,,,,,,,,,,,,,
270,271,16,Stokes, Rob,SO-2,Macalester,7:42.3,38:18.2,,St. Olaf Invitational,2017,,,,,,,,,,,,,,,,,,,,,,,,,,,,,,,,,
0,1,1,Grant, Spencer,JR-3,Macalester,5:25,21:43,1,Summit Cup,2017,,,,,,,,,,,,,,,,,,,,,,,,,,,,,,,,,
1,2,2,Boranian, Chris,JR-3,Macalester,5:28,21:56,2,Summit Cup,2017,,,,,,,,,,,,,,,,,,,,,,,,,,,,,,,,,
3,4,3,Lepak, Jake,SO-2,Macalester,5:31,22:07,4,Summit Cup,2017,,,,,,,,,,,,,,,,,,,,,,,,,,,,,,,,,
4,5,4,Doherty, James,JR-3,Macalester,5:33,22:15,5,Summit Cup,2017,,,,,,,,,,,,,,,,,,,,,,,,,,,,,,,,,
9,10,5,Jarka-Sellers, Peter,SO-2,Macalester,5:46,23:07,10,Summit Cup,2017,,,,,,,,,,,,,,,,,,,,,,,,,,,,,,,,,
13,14,6,Ebner, Nolan,SR-4,Macalester,5:57,23:49,13,Summit Cup,2017,,,,,,,,,,,,,,,,,,,,,,,,,,,,,,,,,
14,15,7,Reyes Herrera, Edwin,SO-2,Macalester,5:57,23:52,14,Summit Cup,2017,,,,,,,,,,,,,,,,,,,,,,,,,,,,,,,,,
16,17,8,Gordon, Alex,SR-4,Macalester,6:01,24:07,,Summit Cup,2017,,,,,,,,,,,,,,,,,,,,,,,,,,,,,,,,,
17,18,9,Richmond, Sam,JR-3,Macalester,6:02,24:12,,Summit Cup,2017,,,,,,,,,,,,,,,,,,,,,,,,,,,,,,,,,
18,19,10,Bildsten, Ben,SO-2,Macalester,6:07,24:31,,Summit Cup,2017,,,,,,,,,,,,,,,,,,,,,,,,,,,,,,,,,
19,20,11,Feeney, Will,SR-4,Macalester,6:08,24:35,,Summit Cup,2017,,,,,,,,,,,,,,,,,,,,,,,,,,,,,,,,,
20,21,12,Townsend, Ben,SO-2,Macalester,6:09,24:37,,Summit Cup,2017,,,,,,,,,,,,,,,,,,,,,,,,,,,,,,,,,
21,22,13,Baumeister, Mark,FR-1,Macalester,6:09,24:38,,Summit Cup,2017,,,,,,,,,,,,,,,,,,,,,,,,,,,,,,,,,
22,23,14,O'Donnell-Hoff, Sam,SO-2,Macalester,6:12,24:51,,Summit Cup,2017,,,,,,,,,,,,,,,,,,,,,,,,,,,,,,,,,
24,25,15,Milner, Michael,SO-2,Macalester,6:27,25:52,,Summit Cup,2017,,,,,,,,,,,,,,,,,,,,,,,,,,,,,,,,,
25,26,16,Levey, Elijah,FR-1,Macalester,6:33,26:15,,Summit Cup,2017,,,,,,,,,,,,,,,,,,,,,,,,,,,,,,,,,
27,28,17,Hernandez, Armando,SO-2,Macalester,7:18,29:15,,Summit Cup,2017,,,,,,,,,,,,,,,,,,,,,,,,,,,,,,,,,
28,29,18,Stokes, Rob,SO-2,Macalester,7:59,31:57,,Summit Cup,2017,,,,,,,,,,,,,,,,,,,,,,,,,,,,,,,,,
18,19,1,Lepak, Jake,SO-2,Macalester,5:23.6,26:48.8,19,Running of the Cows (Carleton),2017,,,,,,,,,23:36.3 (8:51.1),,,,,3:11.9,7:45.4 (4:33.6),14:45.3 (6:59.9),26:48.8 (3:12.5),,,,,,,,,,,,,,,,
20,21,2,Boranian, Chris,JR-3,Macalester,5:24.4,26:52.8,21,Running of the Cows (Carleton),2017,,,,,,,,,23:45.2 (8:54.8),,,,,3:12.1,7:47.9 (4:35.8),14:50.4 (7:02.6),26:52.8 (3:07.7),,,,,,,,,,,,,,,,
23,24,3,Grant, Spencer,JR-3,Macalester,5:25.3,26:57.2,24,Running of the Cows (Carleton),2017,,,,,,,,,23:41.0 (8:58.4),,,,,3:11.9,7:45.8 (4:33.9),14:42.6 (6:56.8),26:57.2 (3:16.3),,,,,,,,,,,,,,,,
53,54,4,Jarka-Sellers, Peter,SO-2,Macalester,5:34.3,27:42.2,52,Running of the Cows (Carleton),2017,,,,,,,,,24:12.0 (9:14.1),,,,,3:12.3,7:49.4 (4:37.1),14:58.0 (7:08.6),27:42.2 (3:30.2),,,,,,,,,,,,,,,,
61,62,5,Johnson, Adrian,FR-1,Macalester,5:37.7,27:58.6,58,Running of the Cows (Carleton),2017,,,,,,,,,24:29.9 (9:23.0),,,,,3:13.1,7:55.7 (4:42.6),15:06.9 (7:11.2),27:58.6 (3:28.8),,,,,,,,,,,,,,,,
79,80,6,Gordon, Alex,SR-4,Macalester,5:46.3,28:41.6,66,Running of the Cows (Carleton),2017,,,,,,,,,25:15.9 (9:30.7),,,,,3:24.7,8:20.2 (4:55.5),15:45.2 (7:25.1),28:41.6 (3:25.8),,,,,,,,,,,,,,,,
95,96,7,O'Donnell-Hoff, Sam,SO-2,Macalester,5:51.0,29:05.0,72,Running of the Cows (Carleton),2017,,,,,,,,,25:37.3 (9:30.1),,,,,3:31.3,8:29.0 (4:57.7),16:07.3 (7:38.4),29:05.0 (3:27.8),,,,,,,,,,,,,,,,
101,102,8,Bildsten, Ben,SO-2,Macalester,5:52.5,29:12.5,,Running of the Cows (Carleton),2017,,,,,,,,,25:47.4 (9:42.5),,,,,3:24.4,8:23.7 (4:59.4),16:05.0 (7:41.3),29:12.5 (3:25.1),,,,,,,,,,,,,,,,
110,111,9,Reyes Herrera, Edwin,SO-2,Macalester,5:55.0,29:24.9,,Running of the Cows (Carleton),2017,,,,,,,,,25:52.3 (9:59.9),,,,,3:24.3,8:20.1 (4:55.8),15:52.4 (7:32.4),29:24.9 (3:32.6),,,,,,,,,,,,,,,,
116,117,10,Richmond, Sam,JR-3,Macalester,5:56.6,29:32.7,,Running of the Cows (Carleton),2017,,,,,,,,,25:57.0 (9:50.0),,,,,3:30.9,8:28.6 (4:57.8),16:07.1 (7:38.5),29:32.7 (3:35.7),,,,,,,,,,,,,,,,
121,122,11,Milner, Michael,SO-2,Macalester,5:58.1,29:40.1,,Running of the Cows (Carleton),2017,,,,,,,,,26:14.6 (9:32.8),,,,,3:42.3,8:59.4 (5:17.1),16:41.8 (7:42.5),29:40.1 (3:25.6),,,,,,,,,,,,,,,,
130,131,12,Feeney, Will,SR-4,Macalester,6:02.5,30:02.0,,Running of the Cows (Carleton),2017,,,,,,,,,26:35.4 (9:56.9),,,,,3:31.9,8:42.8 (5:10.9),16:38.5 (7:55.7),30:02.0 (3:26.7),,,,,,,,,,,,,,,,
148,149,13,Baumeister, Mark,FR-1,Macalester,6:16.0,31:09.4,,Running of the Cows (Carleton),2017,,,,,,,,,27:27.1 (10:28.8),,,,,3:34.6,8:49.6 (5:15.0),16:58.3 (8:08.8),31:09.4 (3:42.4),,,,,,,,,,,,,,,,
161,162,14,Lewis-Norelle, Sasha,FR-1,Macalester,6:27.9,32:08.6,,Running of the Cows (Carleton),2017,,,,,,,,,28:29.1 (10:44.9),,,,,3:42.1,9:15.7 (5:33.6),17:44.2 (8:28.6),32:08.6 (3:39.6),,,,,,,,,,,,,,,,
163,164,15,Levey, Elijah,FR-1,Macalester,6:30.1,32:19.4,,Running of the Cows (Carleton),2017,,,,,,,,,28:36.8 (11:01.6),,,,,3:39.2,9:02.0 (5:22.8),17:35.3 (8:33.3),32:19.4 (3:42.7),,,,,,,,,,,,,,,,
172,173,16,Hernandez, Armando,SO-2,Macalester,6:55.0,34:23.3,,Running of the Cows (Carleton),2017,,,,,,,,,30:02.1 (11:53.5),,,,,3:41.9,9:15.9 (5:34.1),18:08.7 (8:52.8),34:23.3 (4:21.2),,,,,,,,,,,,,,,,
69,70,1,Boranian, Chris,JR-3,Macalester,5:21.8,26:39.8,60,Jim Drews Invitational (Lacrosse),2017,,,,,,,,,,,,,,,,,,,,,,,,,,,,,,,,,
107,108,2,Doherty, James,JR-3,Macalester,5:26.8,27:04.8,86,Jim Drews Invitational (Lacrosse),2017,,,,,,,,,,,,,,,,,,,,,,,,,,,,,,,,,
108,109,3,Grant, Spencer,JR-3,Macalester,5:27.5,27:07.9,87,Jim Drews Invitational (Lacrosse),2017,,,,,,,,,,,,,,,,,,,,,,,,,,,,,,,,,
163,164,4,Johnson, Adrian,FR-1,Macalester,5:37.6,27:58.2,108,Jim Drews Invitational (Lacrosse),2017,,,,,,,,,,,,,,,,,,,,,,,,,,,,,,,,,
194,195,5,Ebner, Nolan,SR-4,Macalester,5:42.5,28:22.5,116,Jim Drews Invitational (Lacrosse),2017,,,,,,,,,,,,,,,,,,,,,,,,,,,,,,,,,
199,200,6,Reyes Herrera, Edwin,SO-2,Macalester,5:42.9,28:24.6,117,Jim Drews Invitational (Lacrosse),2017,,,,,,,,,,,,,,,,,,,,,,,,,,,,,,,,,
214,215,7,Bildsten, Ben,SO-2,Macalester,5:44.6,28:33.1,121,Jim Drews Invitational (Lacrosse),2017,,,,,,,,,,,,,,,,,,,,,,,,,,,,,,,,,
242,243,8,O'Donnell-Hoff, Sam,SO-2,Macalester,5:50.2,29:01.2,,Jim Drews Invitational (Lacrosse),2017,,,,,,,,,,,,,,,,,,,,,,,,,,,,,,,,,
247,248,9,Milner, Michael,SO-2,Macalester,5:51.2,29:06.1,,Jim Drews Invitational (Lacrosse),2017,,,,,,,,,,,,,,,,,,,,,,,,,,,,,,,,,
248,249,10,Gordon, Alex,SR-4,Macalester,5:51.3,29:06.3,,Jim Drews Invitational (Lacrosse),2017,,,,,,,,,,,,,,,,,,,,,,,,,,,,,,,,,
253,254,11,Richmond, Sam,JR-3,Macalester,5:53.4,29:16.8,,Jim Drews Invitational (Lacrosse),2017,,,,,,,,,,,,,,,,,,,,,,,,,,,,,,,,,
305,306,12,Baumeister, Mark,FR-1,Macalester,6:06.8,30:23.6,,Jim Drews Invitational (Lacrosse),2017,,,,,,,,,,,,,,,,,,,,,,,,,,,,,,,,,
318,319,13,Feeney, Will,SR-4,Macalester,6:11.2,30:45.3,,Jim Drews Invitational (Lacrosse),2017,,,,,,,,,,,,,,,,,,,,,,,,,,,,,,,,,
336,337,14,Lewis-Norelle, Sasha,FR-1,Macalester,6:22.3,31:40.7,,Jim Drews Invitational (Lacrosse),2017,,,,,,,,,,,,,,,,,,,,,,,,,,,,,,,,,
338,339,15,Levey, Elijah,FR-1,Macalester,6:26.0,31:59.0,,Jim Drews Invitational (Lacrosse),2017,,,,,,,,,,,,,,,,,,,,,,,,,,,,,,,,,
343,344,16,Martinez, Mason,JR-3,Macalester,6:37.7,32:57.3,,Jim Drews Invitational (Lacrosse),2017,,,,,,,,,,,,,,,,,,,,,,,,,,,,,,,,,
344,345,17,Hernandez, Armando,SO-2,Macalester,6:42.3,33:20.2,,Jim Drews Invitational (Lacrosse),2017,,,,,,,,,,,,,,,,,,,,,,,,,,,,,,,,,
47,48,1,Boranian, Chris,JR-3,Macalester,5:16.8,26:14.9,48,Central Region,2017,,,,,,,,,,,,,,,,,,,,,,,,,,,,,,,,,
100,101,2,Grant, Spencer,JR-3,Macalester,5:25.6,26:58.9,100,Central Region,2017,,,,,,,,,,,,,,,,,,,,,,,,,,,,,,,,,
112,113,3,Doherty, James,JR-3,Macalester,5:29.8,27:19.5,112,Central Region,2017,,,,,,,,,,,,,,,,,,,,,,,,,,,,,,,,,
116,117,4,Jarka-Sellers, Peter,SO-2,Macalester,5:31.1,27:25.8,116,Central Region,2017,,,,,,,,,,,,,,,,,,,,,,,,,,,,,,,,,
121,122,5,Johnson, Adrian,FR-1,Macalester,5:32.0,27:30.6,121,Central Region,2017,,,,,,,,,,,,,,,,,,,,,,,,,,,,,,,,,
131,132,6,Reyes Herrera, Edwin,SO-2,Macalester,5:34.5,27:42.9,131,Central Region,2017,,,,,,,,,,,,,,,,,,,,,,,,,,,,,,,,,
0,17,1,Boranian,Chris,JR,Macalester,,26:37.0,,MIAC,2017,,,,,,,,,,,16.0,,,,,,,3:20/K,,,,,,,,,,,,,,,
1,20,2,Doherty,James,JR,Macalester,,26:42.9,,MIAC,2017,,,,,,,,,,,19.0,,,,,,,3:20/K,,,,,,,,,,,,,,,
2,40,3,Lepak,Jake,SO,Macalester,,27:08.4,,MIAC,2017,,,,,,,,,,,39.0,,,,,,,3:24/K,,,,,,,,,,,,,,,
3,50,4,Jarka-Sellers,Peter,SO,Macalester,,27:17.4,,MIAC,2017,,,,,,,,,,,49.0,,,,,,,3:25/K,,,,,,,,,,,,,,,
4,63,5,Johnson,Adrian,FR,Macalester,,27:31.1,,MIAC,2017,,,,,,,,,,,62.0,,,,,,,3:26/K,,,,,,,,,,,,,,,
5,76,6,Grant,Spencer,JR,Macalester,,27:47.6,,MIAC,2017,,,,,,,,,,,75.0,,,,,,,3:28/K,,,,,,,,,,,,,,,
6,83,7,Reyes Herrera,Edwin,SO,Macalester,,27:58.4,,MIAC,2017,,,,,,,,,,,82.0,,,,,,,3:30/K,,,,,,,,,,,,,,,
7,90,8,Ebner,Nolan,SR,Macalester,,28:07.1,,MIAC,2017,,,,,,,,,,,89.0,,,,,,,3:31/K,,,,,,,,,,,,,,,
8,113,9,Gordon,Alex,SR,Macalester,,28:40.4,,MIAC,2017,,,,,,,,,,,113.0,,,,,,,3:35/K,,,,,,,,,,,,,,,
9,123,10,Milner,Michael,SO,Macalester,,28:47.6,,MIAC,2017,,,,,,,,,,,123.0,,,,,,,3:36/K,,,,,,,,,,,,,,,
10,124,11,Bildsten,Ben,SO,Macalester,,28:48.4,,MIAC,2017,,,,,,,,,,,124.0,,,,,,,3:36/K,,,,,,,,,,,,,,,
11,135,12,Richmond,Sam,JR,Macalester,,29:03.8,,MIAC,2017,,,,,,,,,,,135.0,,,,,,,3:38/K,,,,,,,,,,,,,,,
12,154,13,O'Donnell-hoff,Sam,SO,Macalester,,29:39.2,,MIAC,2017,,,,,,,,,,,154.0,,,,,,,3:42/K,,,,,,,,,,,,,,,
13,168,14,Feeney,Will,SR,Macalester,,29:58.6,,MIAC,2017,,,,,,,,,,,168.0,,,,,,,3:45/K,,,,,,,,,,,,,,,
14,174,15,Lewis-Norelle,Sasha,FR,Macalester,,30:09.1,,MIAC,2017,,,,,,,,,,,174.0,,,,,,,3:46/K,,,,,,,,,,,,,,,
15,178,16,Baumeister,Mark,FR,Macalester,,30:27.9,,MIAC,2017,,,,,,,,,,,178.0,,,,,,,3:48/K,,,,,,,,,,,,,,,
16,192,17,Levey,Elijah,FR,Macalester,,31:35.1,,MIAC,2017,,,,,,,,,,,192.0,,,,,,,3:57/K,,,,,,,,,,,,,,,
17,198,18,Martinez,Mason,JR,Macalester,,32:39.4,,MIAC,2017,,,,,,,,,,,198.0,,,,,,,4:05/K,,,,,,,,,,,,,,,
18,199,19,Hernandez,Armando,SO,Macalester,,32:48.2,,MIAC,2017,,,,,,,,,,,199.0,,,,,,,4:06/K,,,,,,,,,,,,,,,
8,9,1,Doherty, James,FR,Macalester,5:25.7,21:42.8,8,Twin Cities Invitational,2018,,,,,,,,,,,,,,,,,,,,,,,,,,,,,,,,,
10,11,2,Kerr, Fred,FR,Macalester,5:30.8,22:03.1,10,Twin Cities Invitational,2018,,,,,,,,,,,,,,,,,,,,,,,,,,,,,,,,,
11,12,3,Boranian, Chris,SR,Macalester,5:31.8,22:06.9,11,Twin Cities Invitational,2018,,,,,,,,,,,,,,,,,,,,,,,,,,,,,,,,,
12,13,4,Johnson, Adrian,SO,Macalester,5:31.9,22:07.3,12,Twin Cities Invitational,2018,,,,,,,,,,,,,,,,,,,,,,,,,,,,,,,,,
25,26,5,Grant, Spencer,SR,Macalester,5:40.7,22:42.6,21,Twin Cities Invitational,2018,,,,,,,,,,,,,,,,,,,,,,,,,,,,,,,,,
29,30,6,Mayse, Smith,FR,Macalester,5:43.5,22:54.0,23,Twin Cities Invitational,2018,,,,,,,,,,,,,,,,,,,,,,,,,,,,,,,,,
39,40,7,Hunsanger, Brett,FR,Macalester,5:53.8,23:35.1,29,Twin Cities Invitational,2018,,,,,,,,,,,,,,,,,,,,,,,,,,,,,,,,,
41,42,8,O'Donnell-Hoff, Sam,JR,Macalester,5:53.9,23:35.4,,Twin Cities Invitational,2018,,,,,,,,,,,,,,,,,,,,,,,,,,,,,,,,,
44,45,9,Watanabe, Yuto,FR,Macalester,5:54.9,23:39.4,,Twin Cities Invitational,2018,,,,,,,,,,,,,,,,,,,,,,,,,,,,,,,,,
55,56,10,Baumeister, Mark,SO,Macalester,6:07.3,24:28.9,,Twin Cities Invitational,2018,,,,,,,,,,,,,,,,,,,,,,,,,,,,,,,,,
59,60,11,Jarka-Sellers, Peter,JR,Macalester,6:08.6,24:34.3,,Twin Cities Invitational,2018,,,,,,,,,,,,,,,,,,,,,,,,,,,,,,,,,
65,66,12,Martinez, Mason,FR,Macalester,6:15.3,25:01.2,,Twin Cities Invitational,2018,,,,,,,,,,,,,,,,,,,,,,,,,,,,,,,,,
66,67,13,Levy, Elijah,1,Macalester,6:15.6,25:02.3,,Twin Cities Invitational,2018,,,,,,,,,,,,,,,,,,,,,,,,,,,,,,,,,
80,81,14,Richmond, Sam,SR,Macalester,6:36.4,26:25.4,,Twin Cities Invitational,2018,,,,,,,,,,,,,,,,,,,,,,,,,,,,,,,,,
93,,15,Reyes Herrera, Edwin,JR,Macalester,,DNF,,Twin Cities Invitational,2018,,,,,,,,,,,,,,,,,,,,,,,,,,,,,,,,,
10,11,1,Doherty, James,FR-1,Macalester,5:28.8,27:14.8,11,St. Olaf Invitational,2018,,,,,,,,,,,,,,,,,,,27:14.8,11:15.5 (5:54.6),16:23.1 (5:07.7),27:14.8 (10:51.7),27:14.8,,,,,,,,,,
13,14,2,Lepak, Jake,JR-3,Macalester,5:31.5,27:27.8,14,St. Olaf Invitational,2018,,,,,,,,,,,,,,,,,,,27:27.8,11:04.1,16:14.4 (5:10.4),27:27.8 (11:13.5),27:27.8,,,,,,,,,,
21,22,3,Johnson, Adrian,SO-2,Macalester,5:34.6,27:43.3,22,St. Olaf Invitational,2018,,,,,,,,,,,,,,,,,,,27:43.3,11:10.9 (5:54.0),16:20.8 (5:09.9),27:43.3 (11:22.5),27:43.3,,,,,,,,,,
29,30,4,Grant, Spencer,SR-4,Macalester,5:37.2,27:56.6,28,St. Olaf Invitational,2018,,,,,,,,,,,,,,,,,,,27:56.6,11:15.3 (5:54.5),16:28.2 (5:12.9),27:56.6 (11:28.4),27:56.6,,,,,,,,,,
34,35,5,Reyes Herrera, Edwin,JR-3,Macalester,5:39.2,28:06.3,33,St. Olaf Invitational,2018,,,,,,,,,,,,,,,,,,,28:06.3,11:22.2 (5:58.1),16:38.0 (5:15.8),28:06.3 (11:28.4),28:06.3,,,,,,,,,,
37,38,6,Mayse, Smith,FR-1,Macalester,5:40.1,28:10.7,35,St. Olaf Invitational,2018,,,,,,,,,,,,,,,,,,,28:10.7,11:23.0 (5:59.2),16:37.9 (5:15.0),28:10.7 (11:32.8),28:10.7,,,,,,,,,,
42,43,7,Boranian, Chris,SR-4,Macalester,5:41.8,28:19.4,38,St. Olaf Invitational,2018,,,,,,,,,,,,,,,,,,,28:19.4,11:21.0 (6:00.1),16:38.2 (5:17.2),28:19.4 (11:41.2),28:19.4,,,,,,,,,,
43,44,8,Kerr, Fred,FR-1,Macalester,5:42.4,28:22.2,,St. Olaf Invitational,2018,,,,,,,,,,,,,,,,,,,28:22.2,11:20.9 (5:58.8),16:30.8 (5:09.9),28:22.2 (11:51.5),28:22.2,,,,,,,,,,
50,51,9,Jarka-Sellers, Peter,JR-3,Macalester,5:48.7,28:53.6,,St. Olaf Invitational,2018,,,,,,,,,,,,,,,,,,,28:53.6,11:35.7 (6:09.8),16:58.8 (5:23.1),28:53.6 (11:54.9),28:53.6,,,,,,,,,,
65,66,10,Watanabe, Yuto,FR-1,Macalester,5:55.9,29:29.2,,St. Olaf Invitational,2018,,,,,,,,,,,,,,,,,,,29:29.2,11:46.7 (6:09.1),17:18.7 (5:32.0),29:29.2 (12:10.6),29:29.2,,,,,,,,,,
69,70,11,O'Donnell-Hoff, Sam,JR-3,Macalester,5:58.0,29:39.7,,St. Olaf Invitational,2018,,,,,,,,,,,,,,,,,,,29:39.7,12:09.5 (6:25.6),17:42.7 (5:33.2),29:39.7 (11:57.0),29:39.7,,,,,,,,,,
71,72,12,Hunsanger, Brett,FR-1,Macalester,5:58.8,29:43.7,,St. Olaf Invitational,2018,,,,,,,,,,,,,,,,,,,29:43.7,11:49.5,17:27.4 (5:37.9),29:43.7 (12:16.4),29:43.7,,,,,,,,,,
75,76,13,Baumeister, Mark,SO-2,Macalester,6:02.4,30:01.7,,St. Olaf Invitational,2018,,,,,,,,,,,,,,,,,,,30:01.7,12:19.0 (6:33.4),17:56.9 (5:38.0),30:01.7 (12:04.8),30:01.7,,,,,,,,,,
76,77,14,Bildsten, Ben,JR-3,Macalester,6:02.8,30:03.5,,St. Olaf Invitational,2018,,,,,,,,,,,,,,,,,,,30:03.5,12:15.5 (6:28.7),17:51.3 (5:35.9),30:03.5 (12:12.3),30:03.5,,,,,,,,,,
80,81,15,Milner, Michael,JR-3,Macalester,6:05.9,30:18.9,,St. Olaf Invitational,2018,,,,,,,,,,,,,,,,,,,30:18.9,12:33.8,17:43.8 (5:10.1),30:18.9 (12:35.2),30:18.9,,,,,,,,,,
88,89,16,Levy, Elijah,JR-3,Macalester,6:10.0,30:39.5,,St. Olaf Invitational,2018,,,,,,,,,,,,,,,,,,,30:39.5,12:09.2 (6:25.6),17:57.2 (5:48.1),30:39.5 (12:42.3),30:39.5,,,,,,,,,,
96,97,17,Hernandez, Armando,JR-3,Macalester,6:27.9,32:08.3,,St. Olaf Invitational,2018,,,,,,,,,,,,,,,,,,,32:08.3,12:44.9 (6:46.3),18:44.7 (5:59.8),32:08.3 (13:23.6),32:08.3,,,,,,,,,,
105,106,18,Martinez, Mason,FR-1,Macalester,6:36.5,32:51.3,,St. Olaf Invitational,2018,,,,,,,,,,,,,,,,,,,32:51.3,13:15.6 (7:06.4),19:39.6 (6:24.0),32:51.3 (13:11.8),32:51.3,,,,,,,,,,
101,102,1,Lepak, Jake,JR-3,Macalester,5:31.4,27:27.6,20,Griak,2018,,,,,,,,,,,,,,,,,,,,,,,,,,,,,,,,,
106,107,2,Doherty, James,FR-1,Macalester,5:32.2,27:31.5,24,Griak,2018,,,,,,,,,,,,,,,,,,,,,,,,,,,,,,,,,
123,124,3,Boranian, Chris,SR-4,Macalester,5:34.5,27:43.1,27,Griak,2018,,,,,,,,,,,,,,,,,,,,,,,,,,,,,,,,,
136,137,4,Grant, Spencer,SR-4,Macalester,5:36.3,27:51.9,30,Griak,2018,,,,,,,,,,,,,,,,,,,,,,,,,,,,,,,,,
145,146,5,Kerr, Fred,FR-1,Macalester,5:37.5,27:57.9,31,Griak,2018,,,,,,,,,,,,,,,,,,,,,,,,,,,,,,,,,
146,147,6,Johnson, Adrian,SO-2,Macalester,5:37.6,27:58.5,32,Griak,2018,,,,,,,,,,,,,,,,,,,,,,,,,,,,,,,,,
148,149,7,Reyes Herrera, Edwin,JR-3,Macalester,5:38.1,28:01.0,33,Griak,2018,,,,,,,,,,,,,,,,,,,,,,,,,,,,,,,,,
150,151,8,Mayse, Smith,FR-1,Macalester,5:38.7,28:03.6,,Griak,2018,,,,,,,,,,,,,,,,,,,,,,,,,,,,,,,,,
194,195,9,Watanabe, Yuto,FR-1,Macalester,5:48.5,28:52.8,,Griak,2018,,,,,,,,,,,,,,,,,,,,,,,,,,,,,,,,,
230,231,10,O'Donnell-Hoff, Sam,JR-3,Macalester,5:57.1,29:35.2,,Griak,2018,,,,,,,,,,,,,,,,,,,,,,,,,,,,,,,,,
233,234,11,Levy, Elijah,JR-3,Macalester,5:58.0,29:39.7,,Griak,2018,,,,,,,,,,,,,,,,,,,,,,,,,,,,,,,,,
249,250,12,Bildsten, Ben,JR-3,Macalester,6:01.4,29:56.9,,Griak,2018,,,,,,,,,,,,,,,,,,,,,,,,,,,,,,,,,
256,257,13,Baumeister, Mark,SO-2,Macalester,6:03.3,30:06.1,,Griak,2018,,,,,,,,,,,,,,,,,,,,,,,,,,,,,,,,,
269,270,14,Richmond, Sam,SR-4,Macalester,6:07.7,30:28.2,,Griak,2018,,,,,,,,,,,,,,,,,,,,,,,,,,,,,,,,,
299,300,15,Lewis-Norelle, Sasha,SO-2,Macalester,6:19.6,31:27.0,,Griak,2018,,,,,,,,,,,,,,,,,,,,,,,,,,,,,,,,,
313,314,16,Hunsanger, Brett,FR-1,Macalester,6:26.5,32:01.4,,Griak,2018,,,,,,,,,,,,,,,,,,,,,,,,,,,,,,,,,
321,322,17,Martinez, Mason,FR-1,Macalester,6:36.7,32:52.2,,Griak,2018,,,,,,,,,,,,,,,,,,,,,,,,,,,,,,,,,
336,337,18,Hernandez, Armando,JR-3,Macalester,7:02.6,35:00.9,,Griak,2018,,,,,,,,,,,,,,,,,,,,,,,,,,,,,,,,,
28,29,1,Doherty, James,FR-1,Macalester,5:25.2,26:56.9,28,MIAC,2018,,,,,,,,,,,,,,,,,,,26:56.9,,15:58.7 (5:06.0),,26:56.9 (5:13.1),10:52.7 (5:44.3),21:43.9 (5:45.3),,,,,,,,
40,41,2,Lepak, Jake,JR-3,Macalester,5:30.5,27:23.1,38,MIAC,2018,,,,,,,,,,,,,,,,,,,27:23.1,,16:05.4 (5:20.2),,27:23.1 (5:18.7),10:45.3 (5:43.2),22:04.5 (5:59.1),,,,,,,,
42,43,3,Johnson, Adrian,SO-2,Macalester,5:30.8,27:24.7,40,MIAC,2018,,,,,,,,,,,,,,,,,,,27:24.7,,16:07.1 (5:12.9),,27:24.7 (5:26.1),10:54.3 (5:45.1),21:58.6 (5:51.5),,,,,,,,
50,51,4,Boranian, Chris,SR-4,Macalester,5:33.1,27:36.0,46,MIAC,2018,,,,,,,,,,,,,,,,,,,27:36.0,,16:15.4 (5:19.1),,27:36.0 (5:19.3),10:56.4 (5:47.5),22:16.8 (6:01.4),,,,,,,,
67,68,5,Kerr, Fred,FR-1,Macalester,5:37.1,27:55.7,54,MIAC,2018,,,,,,,,,,,,,,,,,,,27:55.7,,16:24.9 (5:17.7),,27:55.7 (5:31.7),11:07.3 (5:51.4),22:24.0 (5:59.2),,,,,,,,
74,75,6,Grant, Spencer,SR-4,Macalester,5:38.3,28:02.1,56,MIAC,2018,,,,,,,,,,,,,,,,,,,28:02.1,,16:25.6 (5:21.1),,28:02.1 (5:32.6),11:04.5 (5:53.5),22:29.5 (6:04.0),,,,,,,,
80,81,7,Mayse, Smith,FR-1,Macalester,5:39.4,28:07.2,59,MIAC,2018,,,,,,,,,,,,,,,,,,,28:07.2,,16:33.6 (5:23.4),,28:07.2 (5:31.7),11:10.2 (5:54.6),22:35.5 (6:01.9),,,,,,,,
97,98,8,Jarka-Sellers, Peter,JR-3,Macalester,5:46.0,28:39.9,,MIAC,2018,,,,,,,,,,,,,,,,,,,28:39.9,,16:53.3 (5:29.3),,28:39.9 (5:39.0),11:24.0 (6:05.3),23:01.0 (6:07.7),,,,,,,,
142,143,9,Milner, Michael,JR-3,Macalester,5:57.0,29:34.6,,MIAC,2018,,,,,,,,,,,,,,,,,,,29:34.6,,17:18.7 (5:43.2),,29:34.6 (5:44.7),11:35.6 (6:07.6),23:50.0 (6:31.4),,,,,,,,
143,144,10,Levy, Elijah,JR-3,Macalester,5:57.2,29:35.6,,MIAC,2018,,,,,,,,,,,,,,,,,,,29:35.6,,17:24.8 (5:43.8),,29:35.6 (5:45.9),11:41.0 (6:16.9),23:49.8 (6:25.1),,,,,,,,
147,148,11,Bildsten, Ben,JR-3,Macalester,5:58.9,29:44.3,,MIAC,2018,,,,,,,,,,,,,,,,,,,29:44.3,,17:41.2 (5:44.1),,29:44.3 (5:36.5),11:57.1 (6:22.9),24:07.9 (6:26.7),,,,,,,,
148,149,12,Reyes Herrera, Edwin,JR-3,Macalester,5:59.2,29:45.7,,MIAC,2018,,,,,,,,,,,,,,,,,,,29:45.7,,17:23.4 (5:59.0),,29:45.7 (5:50.4),11:24.4 (6:08.9),23:55.3 (6:32.0),,,,,,,,
150,151,13,Hunsanger, Brett,FR-1,Macalester,5:59.6,29:47.9,,MIAC,2018,,,,,,,,,,,,,,,,,,,29:47.9,,17:35.3 (5:41.5),,29:47.9 (5:43.4),11:53.8 (6:19.8),24:04.5 (6:29.3),,,,,,,,
158,159,14,O'Donnell-Hoff, Sam,JR-3,Macalester,6:02.8,30:03.6,,MIAC,2018,,,,,,,,,,,,,,,,,,,30:03.6,,17:47.8 (5:50.6),,30:03.6 (5:46.1),11:57.3 (6:22.4),24:17.5 (6:29.8),,,,,,,,
161,162,15,Richmond, Sam,SR-4,Macalester,6:04.5,30:12.2,,MIAC,2018,,,,,,,,,,,,,,,,,,,30:12.2,,17:43.9 (5:49.5),,30:12.2 (5:54.1),11:54.4 (6:20.3),24:18.2 (6:34.4),,,,,,,,
170,171,16,Lewis-Norelle, Sasha,SO-2,Macalester,6:08.0,30:29.5,,MIAC,2018,,,,,,,,,,,,,,,,,,,30:29.5,,18:03.8 (5:55.9),,30:29.5 (5:45.9),12:08.0 (6:34.2),24:43.7 (6:39.9),,,,,,,,
173,174,17,Hernandez, Armando,JR-3,Macalester,6:08.8,30:33.6,,MIAC,2018,,,,,,,,,,,,,,,,,,,30:33.6,,17:57.8 (5:45.5),,30:33.6 (6:02.8),12:12.4 (6:23.8),24:30.9 (6:33.1),,,,,,,,
184,185,18,Martinez, Mason,FR-1,Macalester,6:15.2,31:05.3,,MIAC,2018,,,,,,,,,,,,,,,,,,,31:05.3,,18:49.6 (6:07.6),,31:05.3 (5:43.2),12:42.1 (6:46.4),25:22.2 (6:32.6),,,,,,,,
187,188,19,Watanabe, Yuto,FR-1,Macalester,6:15.8,31:08.3,,MIAC,2018,,,,,,,,,,,,,,,,,,,31:08.3,,17:08.7 (5:37.0),,31:08.3 (5:46.1),11:31.8 (6:15.9),25:22.3 (8:13.6),,,,,,,,
63,64,1,Doherty, James,FR-1,Macalester,5:18.7,26:24.4,64,Central Region,2018,,,,,,,,,,,,,,,,,,,,,,,,,,"""",,,,,,,
83,84,2,Lepak, Jake,JR-3,Macalester,5:22.3,26:42.3,84,Central Region,2018,,,,,,,,,,,,,,,,,,,,,,,,,,"""",,,,,,,
100,101,3,Kerr, Fred,FR-1,Macalester,5:26.4,27:02.7,101,Central Region,2018,,,,,,,,,,,,,,,,,,,,,,,,,,"""",,,,,,,
111,112,4,Boranian, Chris,SR-4,Macalester,5:28.4,27:12.5,112,Central Region,2018,,,,,,,,,,,,,,,,,,,,,,,,,,"""",,,,,,,
123,124,5,Johnson, Adrian,SO-2,Macalester,5:30.3,27:22.0,124,Central Region,2018,,,,,,,,,,,,,,,,,,,,,,,,,,"""",,,,,,,
144,145,6,Mayse, Smith,FR-1,Macalester,5:37.1,27:56.0,145,Central Region,2018,,,,,,,,,,,,,,,,,,,,,,,,,,"""",,,,,,,
170,171,7,Grant, Spencer,SR-4,Macalester,5:50.2,29:01.1,171,Central Region,2018,,,,,,,,,,,,,,,,,,,,,,,,,,"""",,,,,,,
0,2,1,Doherty,James,SR-4,,,0.019141204,2.0,Oshkosh,2018,,,,,,,,,,,,,,,,,,,,,,,,,,,,,,,,,
1,5,2,Johnson,Adrian,SO-2,,,0.019582176,5.0,Oshkosh,2018,,,,,,,,,,,,,,,,,,,,,,,,,,,,,,,,,
2,7,3,Grant,Spencer,SR-4,,,0.019678241000000003,7.0,Oshkosh,2018,,,,,,,,,,,,,,,,,,,,,,,,,,,,,,,,,
3,8,4,Boranian,Chris,SR-4,,,0.019733796,8.0,Oshkosh,2018,,,,,,,,,,,,,,,,,,,,,,,,,,,,,,,,,
4,10,5,Kerr,Fred,FR-1,,,0.01974537,10.0,Oshkosh,2018,,,,,,,,,,,,,,,,,,,,,,,,,,,,,,,,,
5,16,6,Mayse,Smith,FR-1,,,0.02002662,15.0,Oshkosh,2018,,,,,,,,,,,,,,,,,,,,,,,,,,,,,,,,,
6,18,7,Jarka-Sellers,Peter,JR-3,,,0.020361111,17.0,Oshkosh,2018,,,,,,,,,,,,,,,,,,,,,,,,,,,,,,,,,
7,21,8,Lepak,Jake,JR-3,,,0.020506944,,Oshkosh,2018,,,,,,,,,,,,,,,,,,,,,,,,,,,,,,,,,
8,23,9,Levy,Elijah,SO-2,,,0.02058912,,Oshkosh,2018,,,,,,,,,,,,,,,,,,,,,,,,,,,,,,,,,
9,26,10,Milner,Michael,JR-3,,,0.020760417,,Oshkosh,2018,,,,,,,,,,,,,,,,,,,,,,,,,,,,,,,,,
10,30,11,Reyes Herrera,Edwin,JR-1,,,0.020907407,,Oshkosh,2018,,,,,,,,,,,,,,,,,,,,,,,,,,,,,,,,,
11,31,12,Hunsanger,Brett,FR-1,,,0.020909722,,Oshkosh,2018,,,,,,,,,,,,,,,,,,,,,,,,,,,,,,,,,
12,34,13,O'Donnell-Hoff,Sam,JR-3,,,0.02125463,,Oshkosh,2018,,,,,,,,,,,,,,,,,,,,,,,,,,,,,,,,,
13,36,14,Bildsten,Ben,JR-3,,,0.021394676,,Oshkosh,2018,,,,,,,,,,,,,,,,,,,,,,,,,,,,,,,,,
14,37,15,Watanabe,Yuto,FR-1,,,0.021413194,,Oshkosh,2018,,,,,,,,,,,,,,,,,,,,,,,,,,,,,,,,,
15,38,16,Baumeister,Mark,SO-2,,,0.021461806,,Oshkosh,2018,,,,,,,,,,,,,,,,,,,,,,,,,,,,,,,,,
16,44,17,Richmond,Sam,SR-4,,,0.022046296,,Oshkosh,2018,,,,,,,,,,,,,,,,,,,,,,,,,,,,,,,,,
17,49,18,Hernandez,Armando,JR-3,,,0.022353009,,Oshkosh,2018,,,,,,,,,,,,,,,,,,,,,,,,,,,,,,,,,
18,50,19,Lewis-Norelle,Sasha,SO-2,,,0.022456019,,Oshkosh,2018,,,,,,,,,,,,,,,,,,,,,,,,,,,,,,,,,
19,53,20,Martinez,Mason,SR-4,,,0.022635417,,Oshkosh,2018,,,,,,,,,,,,,,,,,,,,,,,,,,,,,,,,,
7,8,1,Lepak, Jake,SR-4,Macalester,5:20.6,21:22.1,8,Twin Cities Invitational,2019,,,,,,,,,,,,,,,,,,,,,,,,,,,,,,,,,
12,13,2,Johnson, Adrian,JR-3,Macalester,5:25.4,21:41.4,13,Twin Cities Invitational,2019,,,,,,,,,,,,,,,,,,,,,,,,,,,,,,,,,
15,16,3,Hayes, August,FR-1,Macalester,5:30.4,22:01.4,16,Twin Cities Invitational,2019,,,,,,,,,,,,,,,,,,,,,,,,,,,,,,,,,
16,17,4,Reyes Herrera, Edwin,SR-4,Macalester,5:31.5,22:05.9,17,Twin Cities Invitational,2019,,,,,,,,,,,,,,,,,,,,,,,,,,,,,,,,,
18,19,5,Mayse, Smith,SO-2,Macalester,5:31.7,22:06.7,19,Twin Cities Invitational,2019,,,,,,,,,,,,,,,,,,,,,,,,,,,,,,,,,
32,33,6,Kerr, Fred,SO-2,Macalester,5:41.2,22:44.7,32,Twin Cities Invitational,2019,,,,,,,,,,,,,,,,,,,,,,,,,,,,,,,,,
34,35,7,O'Donnell-Hoff, Sam,SR-4,Macalester,5:42.5,22:49.9,34,Twin Cities Invitational,2019,,,,,,,,,,,,,,,,,,,,,,,,,,,,,,,,,
44,45,8,Milner, Michael,SR-4,Macalester,5:48.2,23:12.5,,Twin Cities Invitational,2019,,,,,,,,,,,,,,,,,,,,,,,,,,,,,,,,,
50,51,9,Peske, Cole,FR-1,Macalester,5:52.4,23:29.6,,Twin Cities Invitational,2019,,,,,,,,,,,,,,,,,,,,,,,,,,,,,,,,,
51,52,10,Hunsanger, Brett,SO-2,Macalester,5:52.7,23:30.6,,Twin Cities Invitational,2019,,,,,,,,,,,,,,,,,,,,,,,,,,,,,,,,,
54,55,11,Bildsten, Ben,SR-4,Macalester,5:54.1,23:36.3,,Twin Cities Invitational,2019,,,,,,,,,,,,,,,,,,,,,,,,,,,,,,,,,
55,56,12,Jarka-Sellers, Peter,SR-4,Macalester,5:54.3,23:37.0,,Twin Cities Invitational,2019,,,,,,,,,,,,,,,,,,,,,,,,,,,,,,,,,
61,62,13,Rachlin, Peter,FR-1,Macalester,5:59.1,23:56.2,,Twin Cities Invitational,2019,,,,,,,,,,,,,,,,,,,,,,,,,,,,,,,,,
62,63,14,Morefield, Colin,FR-1,Macalester,6:01.2,24:04.8,,Twin Cities Invitational,2019,,,,,,,,,,,,,,,,,,,,,,,,,,,,,,,,,
63,64,15,Baumeister, Mark,JR-3,Macalester,6:02.6,24:10.2,,Twin Cities Invitational,2019,,,,,,,,,,,,,,,,,,,,,,,,,,,,,,,,,
67,68,16,Hernandez, Armando,SR-4,Macalester,6:05.4,24:21.3,,Twin Cities Invitational,2019,,,,,,,,,,,,,,,,,,,,,,,,,,,,,,,,,
88,89,17,Baldus, JoJo,SR-4,Macalester,6:29.2,25:56.7,,Twin Cities Invitational,2019,,,,,,,,,,,,,,,,,,,,,,,,,,,,,,,,,
1,2,1,Lepak, Jake,SR-4,Macalester,5:26,21:40,2,Summit Cup,2019,,,,,,,,,,,,,,,,,,,,,,,,,,,,,,,,,
2,3,2,Johnson, Adrian,JR-3,Macalester,5:29,21:52,3,Summit Cup,2019,,,,,,,,,,,,,,,,,,,,,,,,,,,,,,,,,
4,5,3,Mayse, Smith,SO-2,Macalester,5:32,22:04,5,Summit Cup,2019,,,,,,,,,,,,,,,,,,,,,,,,,,,,,,,,,
6,7,4,Hayes, August,FR-1,Macalester,5:35,22:15,7,Summit Cup,2019,,,,,,,,,,,,,,,,,,,,,,,,,,,,,,,,,
12,13,5,O'Donnell-Hoff, Sam,SR-4,Macalester,5:40,22:33,12,Summit Cup,2019,,,,,,,,,,,,,,,,,,,,,,,,,,,,,,,,,
20,21,6,Reyes Herrera, Edwin,SR-4,Macalester,5:45,22:53,13,Summit Cup,2019,,,,,,,,,,,,,,,,,,,,,,,,,,,,,,,,,
22,23,7,Hunsanger, Brett,SO-2,Macalester,5:49,23:11,14,Summit Cup,2019,,,,,,,,,,,,,,,,,,,,,,,,,,,,,,,,,
24,25,8,Peske, Cole,FR-1,Macalester,5:50,23:15,,Summit Cup,2019,,,,,,,,,,,,,,,,,,,,,,,,,,,,,,,,,
25,26,9,Milner, Michael,SR-4,Macalester,5:53,23:25,,Summit Cup,2019,,,,,,,,,,,,,,,,,,,,,,,,,,,,,,,,,
27,28,10,Baumeister, Mark,JR-3,Macalester,5:54,23:32,,Summit Cup,2019,,,,,,,,,,,,,,,,,,,,,,,,,,,,,,,,,
28,29,11,Bildsten, Ben,SR-4,Macalester,5:57,23:43,,Summit Cup,2019,,,,,,,,,,,,,,,,,,,,,,,,,,,,,,,,,
30,31,12,Jarka-Sellers, Peter,SR-4,Macalester,6:01,23:58,,Summit Cup,2019,,,,,,,,,,,,,,,,,,,,,,,,,,,,,,,,,
32,33,13,Hernandez, Armando,SR-4,Macalester,6:06,24:18,,Summit Cup,2019,,,,,,,,,,,,,,,,,,,,,,,,,,,,,,,,,
34,35,14,Morefield, Colin,FR-1,Macalester,6:12,24:42,,Summit Cup,2019,,,,,,,,,,,,,,,,,,,,,,,,,,,,,,,,,
35,36,15,Baldus, JoJo,SR-4,Macalester,6:33,26:04,,Summit Cup,2019,,,,,,,,,,,,,,,,,,,,,,,,,,,,,,,,,
23,24,1,Lepak, Jake,SR-4,Macalester,5:24.7,26:54.3,24,Running of the Cows (Carleton),2019,,,,,,,,,,,,,,3:17.0,,,,,,,,,,,,,,,7:58.0 (4:41.0),23:29.4 (15:31.5),26:54.4 (3:25.0),,
48,49,2,Mayse, Smith,SO-2,Macalester,5:32.4,27:32.5,43,Running of the Cows (Carleton),2019,,,,,,,,,,,,,,3:19.6,,,,,,,,,,,,,,,8:04.5 (4:44.9),15:10.8 (7:06.4),24:09.3 (8:58.6),,
55,56,3,Johnson, Adrian,JR-3,Macalester,5:34.6,27:43.2,48,Running of the Cows (Carleton),2019,,,,,,,,,,,,,,3:20.0,,,,,,,,,,,,,,,8:04.8 (4:44.8),15:13.0 (7:08.2),24:14.7 (9:01.8),,
78,79,4,Reyes Herrera, Edwin,SR-4,Macalester,5:40.7,28:13.7,66,Running of the Cows (Carleton),2019,,,,,,,,,,,,,,3:32.9,,,,,,,,,,,,,,,8:32.3 (4:59.5),15:55.5 (7:23.2),24:53.6 (8:58.1),,
100,101,5,O'Donnell-Hoff, Sam,SR-4,Macalester,5:45.3,28:36.6,76,Running of the Cows (Carleton),2019,,,,,,,,,,,,,,3:33.5,,,,,,,,,,,,,,,8:33.5 (5:00.1),16:01.0 (7:27.5),25:10.9 (9:09.9),,
112,113,6,Peske, Cole,FR-1,Macalester,5:48.4,28:52.2,83,Running of the Cows (Carleton),2019,,,,,,,,,,,,,,3:33.7,,,,,,,,,,,,,,,8:33.5 (4:59.8),16:02.6 (7:29.2),25:28.7 (9:26.1),,
120,121,7,Kerr, Fred,SO-2,Macalester,5:50.9,29:04.5,87,Running of the Cows (Carleton),2019,,,,,,,,,,,,,,3:37.3,,,,,,,,,,,,,,,8:43.2 (5:06.0),16:10.8 (7:27.7),25:29.2 (9:18.4),,
133,134,8,Jarka-Sellers, Peter,SR-4,Macalester,5:53.9,29:19.2,,Running of the Cows (Carleton),2019,,,,,,,,,,,,,,3:28.7,,,,,,,,,,,,,,,8:26.8 (4:58.2),15:58.2 (7:31.4),25:38.3 (9:40.2),,
147,148,9,Bildsten, Ben,SR-4,Macalester,5:57.9,29:39.3,,Running of the Cows (Carleton),2019,,,,,,,,,,,,,,3:34.8,,,,,,,,,,,,,,,8:38.6 (5:03.9),16:21.1 (7:42.6),26:04.1 (9:43.1),,
153,154,10,Baumeister, Mark,JR-3,Macalester,6:00.3,29:51.2,,Running of the Cows (Carleton),2019,,,,,,,,,,,,,,3:39.1,,,,,,,,,,,,,,,8:48.8 (5:09.7),16:39.0 (7:50.3),26:24.4 (9:45.5),,
162,163,11,Hayes, August,FR-1,Macalester,6:02.0,29:59.7,,Running of the Cows (Carleton),2019,,,,,,,,,,,,,,3:32.9,,,,,,,,,,,,,,,8:41.0 (5:08.2),16:33.8 (7:52.8),26:37.0 (10:03.3),,
167,168,12,Hernandez, Armando,SR-4,Macalester,6:05.9,30:19.1,,Running of the Cows (Carleton),2019,,,,,,,,,,,,,,3:47.5,,,,,,,,,,,,,,,9:05.2 (5:17.7),16:55.6 (7:50.5),26:37.8 (9:42.2),,
175,176,13,Hunsanger, Brett,SO-2,Macalester,6:09.3,30:36.0,,Running of the Cows (Carleton),2019,,,,,,,,,,,,,,3:33.2,,,,,,,,,,,,,,,8:35.3 (5:02.2),16:37.3 (8:02.0),26:51.7 (10:14.5),,
181,182,14,Morefield, Colin,FR-1,Macalester,6:12.5,30:51.8,,Running of the Cows (Carleton),2019,,,,,,,,,,,,,,3:42.0,,,,,,,,,,,,,,,8:58.0 (5:16.0),16:57.4 (7:59.4),27:03.0 (10:05.7),,
222,,15,Milner, Michael,SR-4,Macalester,,DNF,,Running of the Cows (Carleton),2019,,,,,,,,,,,,,,3:45.5,,,,,,,,,,,,,,,9:10.7 (5:25.2),17:31.1 (8:20.4),,,
42,43,1,Johnson, Adrian,JR-3,Macalester,5:13.8,26:00.0,41,Blugold Invitational,2019,16:07.1,,,,,,,,,,,,,,,,,,,,,,,,,,,,,,,,
81,82,2,Mayse, Smith,SO-2,Macalester,5:21.1,26:36.1,76,Blugold Invitational,2019,16:27.2,,,,,,,,,,,,,,,,,,,,,,,,,,,,,,,,
106,107,3,Lepak, Jake,SR-4,Macalester,5:23.4,26:47.7,87,Blugold Invitational,2019,16:22.0,,,,,,,,,,,,,,,,,,,,,,,,,,,,,,,,
153,154,4,Reyes Herrera, Edwin,SR-4,Macalester,5:28.9,27:15.2,114,Blugold Invitational,2019,17:10.1,,,,,,,,,,,,,,,,,,,,,,,,,,,,,,,,
179,180,5,O'Donnell-Hoff, Sam,SR-4,Macalester,5:31.8,27:29.3,125,Blugold Invitational,2019,17:13.6,,,,,,,,,,,,,,,,,,,,,,,,,,,,,,,,
234,235,6,Peske, Cole,FR-1,Macalester,5:37.5,27:58.0,148,Blugold Invitational,2019,17:24.5,,,,,,,,,,,,,,,,,,,,,,,,,,,,,,,,
248,249,7,Kerr, Fred,SO-2,Macalester,5:39.4,28:07.1,150,Blugold Invitational,2019,17:12.4,,,,,,,,,,,,,,,,,,,,,,,,,,,,,,,,
259,260,8,Jarka-Sellers, Peter,SR-4,Macalester,5:40.4,28:12.4,,Blugold Invitational,2019,17:32.5,,,,,,,,,,,,,,,,,,,,,,,,,,,,,,,,
273,274,9,Hayes, August,FR-1,Macalester,5:42.2,28:21.0,,Blugold Invitational,2019,17:10.8,,,,,,,,,,,,,,,,,,,,,,,,,,,,,,,,
281,282,10,Bildsten, Ben,SR-4,Macalester,5:43.4,28:27.4,,Blugold Invitational,2019,17:48.7,,,,,,,,,,,,,,,,,,,,,,,,,,,,,,,,
287,288,11,Milner, Michael,SR-4,Macalester,5:44.6,28:33.0,,Blugold Invitational,2019,17:55.1,,,,,,,,,,,,,,,,,,,,,,,,,,,,,,,,
293,294,12,Baumeister, Mark,JR-3,Macalester,5:45.4,28:37.2,,Blugold Invitational,2019,18:07.5,,,,,,,,,,,,,,,,,,,,,,,,,,,,,,,,
332,333,13,Hernandez, Armando,SR-4,Macalester,5:52.1,29:10.3,,Blugold Invitational,2019,18:31.7,,,,,,,,,,,,,,,,,,,,,,,,,,,,,,,,
334,335,14,Lewis-Norelle, Sasha,JR-3,Macalester,5:52.2,29:11.1,,Blugold Invitational,2019,18:09.8,,,,,,,,,,,,,,,,,,,,,,,,,,,,,,,,
352,353,15,Rachlin, Peter,FR-1,Macalester,5:55.7,29:28.1,,Blugold Invitational,2019,18:04.5,,,,,,,,,,,,,,,,,,,,,,,,,,,,,,,,
376,377,16,Levy, Elijah,JR-3,Macalester,6:01.6,29:57.7,,Blugold Invitational,2019,18:15.5,,,,,,,,,,,,,,,,,,,,,,,,,,,,,,,,
56,57,1,Lepak, Jake,SR-4,Macalester,5:17.0,26:16.0,48,Jim Drews Invitational (Lacrosse),2019,,,,,,,,,,,,,,,,,,,,,,,,,,,,,,,,9:36.1,18:47.3 (9:11.2)
79,80,2,Mayse, Smith,SO-2,Macalester,5:20.4,26:33.0,64,Jim Drews Invitational (Lacrosse),2019,,,,,,,,,,,,,,,,,,,,,,,,,,,,,,,,9:46.1,19:00.3 (9:14.3)
122,123,3,Johnson, Adrian,JR-3,Macalester,5:27.9,27:10.0,86,Jim Drews Invitational (Lacrosse),2019,,,,,,,,,,,,,,,,,,,,,,,,,,,,,,,,9:59.9,19:25.4 (9:25.6)
171,172,4,Reyes Herrera, Edwin,SR-4,Macalester,5:34.0,27:40.7,116,Jim Drews Invitational (Lacrosse),2019,,,,,,,,,,,,,,,,,,,,,,,,,,,,,,,,10:22.8,19:55.8 (9:33.0)
177,178,5,O'Donnell-Hoff, Sam,SR-4,Macalester,5:34.8,27:44.7,119,Jim Drews Invitational (Lacrosse),2019,,,,,,,,,,,,,,,,,,,,,,,,,,,,,,,,10:23.1,20:00.0 (9:36.9)
198,199,6,Kerr, Fred,SO-2,Macalester,5:38.6,28:03.1,126,Jim Drews Invitational (Lacrosse),2019,,,,,,,,,,,,,,,,,,,,,,,,,,,,,,,,10:33.6,20:12.9 (9:39.4)
215,216,7,Jarka-Sellers, Peter,SR-4,Macalester,5:40.4,28:12.2,129,Jim Drews Invitational (Lacrosse),2019,,,,,,,,,,,,,,,,,,,,,,,,,,,,,,,,10:26.9,20:11.1 (9:44.2)
233,234,8,Milner, Michael,SR-4,Macalester,5:43.5,28:27.7,,Jim Drews Invitational (Lacrosse),2019,,,,,,,,,,,,,,,,,,,,,,,,,,,,,,,,10:37.5,20:30.5 (9:53.0)
234,235,9,Peske, Cole,FR-1,Macalester,5:43.6,28:28.0,,Jim Drews Invitational (Lacrosse),2019,,,,,,,,,,,,,,,,,,,,,,,,,,,,,,,,10:27.8,20:18.6 (9:50.9)
263,264,10,Baumeister, Mark,JR-3,Macalester,5:48.8,28:53.9,,Jim Drews Invitational (Lacrosse),2019,,,,,,,,,,,,,,,,,,,,,,,,,,,,,,,,10:53.5,20:55.8 (10:02.4)
292,293,11,Bildsten, Ben,SR-4,Macalester,5:53.7,29:18.2,,Jim Drews Invitational (Lacrosse),2019,,,,,,,,,,,,,,,,,,,,,,,,,,,,,,,,10:53.1,21:02.1 (10:09.1)
294,295,12,Hernandez, Armando,SR-4,Macalester,5:53.7,29:18.4,,Jim Drews Invitational (Lacrosse),2019,,,,,,,,,,,,,,,,,,,,,,,,,,,,,,,,11:10.1,21:18.5 (10:08.5)
322,323,13,Rachlin, Peter,FR-1,Macalester,5:59.6,29:47.5,,Jim Drews Invitational (Lacrosse),2019,,,,,,,,,,,,,,,,,,,,,,,,,,,,,,,,10:53.7,21:13.7 (10:20.1)
331,332,14,Levy, Elijah,JR-3,Macalester,6:01.5,29:56.9,,Jim Drews Invitational (Lacrosse),2019,,,,,,,,,,,,,,,,,,,,,,,,,,,,,,,,10:49.4,21:15.9 (10:26.5)
340,341,15,Lewis-Norelle, Sasha,JR-3,Macalester,6:04.0,30:09.8,,Jim Drews Invitational (Lacrosse),2019,,,,,,,,,,,,,,,,,,,,,,,,,,,,,,,,11:03.5,21:51.6 (10:48.2)
34,36,1,Johnson, Adrian,JR-3,Macalester,5:20.7,26:34.3,35,MIAC,2019,,,,,,,,,,,,,,3:11.2,,,,,,,,,,,,,,,7:41.8 (4:30.7),14:33.0 (6:51.3),23:09.8 (8:36.8),,
60,62,2,Lepak, Jake,SR-4,Macalester,5:26.7,27:04.0,47,MIAC,2019,,,,,,,,,,,,,,3:06.7,,,,,,,,,,,,,,,7:32.3 (4:25.7),14:37.1 (7:04.8),23:41.0 (9:03.9),,
67,69,3,Mayse, Smith,SO-2,Macalester,5:27.8,27:09.7,52,MIAC,2019,,,,,,,,,,,,,,3:07.2,,,,,,,,,,,,,,,7:38.5 (4:31.3),14:46.5 (7:08.0),23:39.6 (8:53.2),,
81,83,4,Reyes Herrera, Edwin,SR-4,Macalester,5:30.4,27:22.7,57,MIAC,2019,,,,,,,,,,,,,,3:20.7,,,,,,,,,,,,,,,8:05.6 (4:44.9),15:10.9 (7:05.3),24:00.5 (8:49.6),,
88,90,5,O'Donnell-Hoff, Sam,SR-4,Macalester,5:31.2,27:26.3,60,MIAC,2019,,,,,,,,,,,,,,3:20.6,,,,,,,,,,,,,,,8:05.8 (4:45.3),15:11.8 (7:06.0),24:03.7 (8:52.0),,
96,98,6,Kerr, Fred,SO-2,Macalester,5:33.2,27:36.7,63,MIAC,2019,,,,,,,,,,,,,,3:20.1,,,,,,,,,,,,,,,8:05.7 (4:45.6),15:11.2 (7:05.6),24:03.3 (8:52.2),,
121,123,7,Jarka-Sellers, Peter,SR-4,Macalester,5:39.5,28:07.7,67,MIAC,2019,,,,,,,,,,,,,,3:20.7,,,,,,,,,,,,,,,8:11.8 (4:51.2),15:38.7 (7:26.9),24:43.3 (9:04.6),,
125,127,8,Milner, Michael,SR-4,Macalester,5:40.7,28:13.9,,MIAC,2019,,,,,,,,,,,,,,3:22.2,,,,,,,,,,,,,,,8:05.1 (4:43.0),15:25.3 (7:20.2),24:44.1 (9:18.9),,
128,130,9,Baumeister, Mark,JR-3,Macalester,5:41.3,28:16.7,,MIAC,2019,,,,,,,,,,,,,,3:25.9,,,,,,,,,,,,,,,8:23.2 (4:57.4),15:47.8 (7:24.7),24:58.1 (9:10.3),,
148,150,10,Lewis-Norelle, Sasha,JR-3,Macalester,5:45.7,28:38.8,,MIAC,2019,,,,,,,,,,,,,,3:25.9,,,,,,,,,,,,,,,8:23.6 (4:57.7),15:47.6 (7:24.1),25:10.8 (9:23.2),,
154,156,11,Bildsten, Ben,SR-4,Macalester,5:48.9,28:54.4,,MIAC,2019,,,,,,,,,,,,,,3:23.4,,,,,,,,,,,,,,,8:22.9 (4:59.5),15:52.9 (7:30.0),25:22.3 (9:29.5),,
164,166,12,Hernandez, Armando,SR-4,Macalester,5:52.5,29:12.6,,MIAC,2019,,,,,,,,,,,,,,3:38.5,,,,,,,,,,,,,,,8:48.0 (5:09.5),16:25.4 (7:37.5),25:42.3 (9:16.9),,
167,169,13,Peske, Cole,FR-1,Macalester,5:53.4,29:16.9,,MIAC,2019,,,,,,,,,,,,,,3:21.7,,,,,,,,,,,,,,,8:13.5 (4:51.9),15:52.9 (7:39.4),25:39.8 (9:47.0),,
181,183,14,Rachlin, Peter,FR-1,Macalester,6:00.1,29:50.3,,MIAC,2019,,,,,,,,,,,,,,3:29.5,,,,,,,,,,,,,,,8:38.0 (5:08.5),16:29.3 (7:51.3),26:14.5 (9:45.3),,
196,198,15,Levy, Elijah,JR-3,Macalester,6:07.9,30:29.2,,MIAC,2019,,,,,,,,,,,,,,3:27.2,,,,,,,,,,,,,,,8:31.2 (5:04.0),16:32.3 (8:01.1),26:46.2 (10:14.0),,
208,210,16,Baldus, JoJo,SR-4,Macalester,6:19.8,31:28.3,,MIAC,2019,,,,,,,,,,,,,,3:52.8,,,,,,,,,,,,,,,9:22.2 (5:29.4),17:36.6 (8:14.5),27:41.2 (10:04.7),,
